date,a,b,rho,m,sigma,error,quotes
2022-09-25 00:00:00+00:00,0.006191817285336255,0.1066998843838522,-0.2489184974930055,0.0825491475824733,0.2857199598727293,7.075110685331735e-06,21
2022-09-26 00:00:00+00:00,0.02361387686035672,0.08942583847094736,-0.3258378491459337,0.08211397876073803,0.12288002667640098,4.3805728302469744e-06,26
2022-09-27 00:00:00+00:00,-0.010617451433867215,0.12565395997961903,-0.4410001065011221,0.014922335309021593,0.39748420625468356,4.054483236801971e-06,28
2022-09-28 00:00:00+00:00,0.037263957314811094,0.08713271364860607,-0.6557579021380413,-0.06281171668029677,0.0452159290989329,0.0004335044324940289,27
2022-09-29 00:00:00+00:00,-0.17461028030017373,0.25283568812232005,-0.04706442868748015,0.12560143471923568,0.8258824835234874,4.4691690991949685e-06,27
2022-09-30 00:00:00+00:00,-0.12526478288656587,0.22252903293848256,0.00839356170239169,0.17072213555433247,0.693039739698819,1.4208881116310395e-06,29
2022-10-01 00:00:00+00:00,-0.04925138813965837,0.15929635240119486,-0.07227365843606774,0.09195997029415912,0.4761717030220023,1.8180288620072475e-06,25
2022-10-02 00:00:00+00:00,-0.0077226393374327075,0.10739873945589057,-0.3584518216097257,0.002218518559240408,0.3789250685017824,2.2423698546799727e-06,21
2022-10-03 00:00:00+00:00,-0.001418021053958655,0.10639788918309688,-0.301968434321993,-0.006307897144512571,0.26322420125486984,7.968951368529203e-06,25
2022-10-04 00:00:00+00:00,-0.025373468207262165,0.12932949025878038,-0.3713003308043498,-0.10127128121019652,0.4256257485562746,1.5675042014146676e-06,24
2022-10-05 00:00:00+00:00,-0.03709063756166222,0.14039461392518723,-0.44658761225130983,-0.15562982106896642,0.4951844832431717,1.0297515206104035e-06,25
2022-10-06 00:00:00+00:00,-0.03347109148781178,0.13931525374622833,-0.44192108821505843,-0.13460673891147715,0.4557956010075392,8.224400866879373e-07,23
2022-10-07 00:00:00+00:00,-1.0,0.7572027988280878,0.4155287794003676,0.765791810438721,1.4743314251334845,4.562917417577524e-05,31
2022-10-08 00:00:00+00:00,-0.19722346268133115,0.2543774533862522,0.19880259308364506,0.2583855959160817,0.8560398687982853,1.100408580448466e-06,35
2022-10-09 00:00:00+00:00,-0.34459916021637466,0.37756167824572523,-0.562187155040048,-0.7238174257912601,1.163268497798991,8.125565380540124e-06,32
2022-10-10 00:00:00+00:00,-0.17932504830589796,0.2408229230383977,-0.11576243161156827,-0.009708304541294508,0.8251767090814284,1.6760614015070915e-06,34
2022-10-11 00:00:00+00:00,0.008434133809277431,0.07243019347203153,-0.30879649003996446,0.029400405019008764,0.11682988357531202,2.1287264330294235e-06,30
2022-10-12 00:00:00+00:00,0.008352325213538625,0.0678686349699684,-0.3020611582299722,0.01040816342872369,0.11565262619813141,2.0074482617346208e-06,27
2022-10-13 00:00:00+00:00,-0.07842115030028886,0.19776383311251783,-0.4593386862009513,-0.2760140564785141,0.5293897323636713,2.989087074676504e-06,32
2022-10-14 00:00:00+00:00,-0.20758422856549286,0.27404822038490856,-0.41621147216656124,-0.3550739065256264,0.8778955450929823,4.460250156490736e-06,35
2022-10-15 00:00:00+00:00,-0.01021878902723929,0.0873682647224064,-0.2856198968254948,-0.049841848268702686,0.22180426377536291,6.924856254909153e-07,24
2022-10-16 00:00:00+00:00,-0.10695446651127617,0.2038105642603795,-0.4172219286848292,-0.27264502159502935,0.6275759239178327,1.6785190077898586e-06,26
2022-10-17 00:00:00+00:00,-0.03716948493965934,0.12505959100524988,-0.1088679574160349,-0.021248517470150885,0.3630753933068454,5.998232437136238e-07,27
2022-10-18 00:00:00+00:00,-0.011363769535707618,0.09368882405429736,-0.284801529681686,-0.05445118951725009,0.20683000467723558,5.38020504972537e-07,26
2022-10-19 00:00:00+00:00,-0.00018873317147624267,0.056314365423875586,-0.2936273289053935,-0.023066101912464887,0.10337745888641832,7.229982596435871e-07,21
2022-10-20 00:00:00+00:00,-0.122076952684846,0.22039884812358168,0.016161859740279838,0.03316833577268664,0.5720553859200183,1.2604808463455261e-06,29
2022-10-21 00:00:00+00:00,0.010604180572132672,0.09901385211634112,-0.3168298628420289,0.02437392501692141,0.16810937920578958,5.8453722035770345e-06,25
2022-10-22 00:00:00+00:00,0.0061342189334754015,0.10217008903084725,-0.31130854235661204,0.02245490111321887,0.1984336166970595,2.3015179960750636e-06,19
2022-10-23 00:00:00+00:00,0.0030935622829016854,0.10612858273149284,-0.32638581020293606,0.0030634871793352395,0.22336686235651396,3.4583492469280124e-06,21
2022-10-24 00:00:00+00:00,-0.21362984895425352,0.2719158522841889,-0.03180519270762239,0.11105121293231951,0.8803623694836121,3.5728333373609136e-06,24
2022-10-25 00:00:00+00:00,-0.5635055370825227,0.40824392506155865,-0.13783769464936826,-0.0963851498885015,1.4609288741321396,7.096818731779652e-06,34
2022-10-26 00:00:00+00:00,-0.0021757991130776618,0.11565425001216584,-0.38021942848215096,-0.05977473970713055,0.28195016361365866,3.871285699911045e-06,28
2022-10-27 00:00:00+00:00,-0.04172642171443752,0.1560157017006621,-0.22918101410311018,-0.027439905733314476,0.43259289717209287,3.773374354579021e-06,26
2022-10-28 00:00:00+00:00,-0.05638899532462298,0.1905418877568583,-0.4524268424057354,-0.21772169254299417,0.44286704459923365,3.818133659803995e-06,30
2022-10-29 00:00:00+00:00,-0.1339645721060243,0.22005222062583996,0.15234385175504028,0.1951695036925732,0.6990198935643167,3.613545516551829e-06,26
2022-10-30 00:00:00+00:00,-0.18257823765142817,0.26593514121247597,-0.4381773965482026,-0.3587193506982088,0.8500281124174148,3.324783501845708e-06,22
2022-10-31 00:00:00+00:00,-0.0046707089274313374,0.10133256727372898,-0.35139306446822655,-0.08614050346264657,0.2571059847636263,6.118402918672089e-07,22
2022-11-01 00:00:00+00:00,-0.05824191649328598,0.15144766381576713,-0.15110831174449693,-0.025184437792501017,0.5139307053526777,7.481814917497747e-07,23
2022-11-02 00:00:00+00:00,-0.17741780985100924,0.26056709484592283,-0.5002311276261918,-0.42606014359159167,0.864740898599904,8.147089147754801e-06,23
2022-11-03 00:00:00+00:00,-0.022121749222392708,0.11900231095652447,-0.37008797176800595,-0.07617046092417362,0.3067507428998328,2.0214617507530665e-06,20
2022-11-04 00:00:00+00:00,-0.17470310254963203,0.2577179467051598,-0.46416583433320047,-0.4282140215793272,0.8244795224973045,3.6361032456673104e-06,23
2022-11-05 00:00:00+00:00,-0.0729755171291307,0.16410066818865618,-0.47752101630223864,-0.28186797602284097,0.5898611839586075,2.1051362937369587e-06,27
2022-11-06 00:00:00+00:00,-0.010210546061768062,0.08871009339112271,-0.3397811312157879,-0.048606360932795134,0.2592779605283995,3.761189081687498e-07,24
2022-11-07 00:00:00+00:00,0.004984297198230658,0.060380693065046336,-0.301722575632346,0.008055220481646341,0.11137884303033946,1.0373755047105813e-06,27
2022-11-08 00:00:00+00:00,-0.7522657314273822,0.4551801131572056,-0.1479997818536235,-0.06875030745408954,1.721345829509272,3.9570989785187556e-05,41
2022-11-09 00:00:00+00:00,-0.023388903214303373,0.18501769850435595,-0.08247972968364164,0.259427055916006,0.3102811097429586,0.00019060988388188254,49
2022-11-10 00:00:00+00:00,-0.02958607900009211,0.17591408786761556,-0.007600460670357842,0.13274793134206941,0.3154384776816548,4.197912395086752e-05,47
2022-11-11 00:00:00+00:00,-0.3002005093734534,0.34096038820910773,-0.0920475989543305,0.06221799169710553,0.9646443664761681,3.760564647927023e-05,51
2022-11-12 00:00:00+00:00,0.00023602158718700268,0.14132483774011045,-0.3429313286500506,0.05458861158315527,0.14272303784186618,2.50560667937056e-05,42
2022-11-13 00:00:00+00:00,-0.005478906969171194,0.14464796200341443,-0.335675098073444,0.08093661702989119,0.1726874794702188,1.1185350796639262e-05,36
2022-11-14 00:00:00+00:00,-0.09218557882291804,0.22412804369597045,-0.1015438302825523,0.07240818103403726,0.5174596165226761,0.00014330020535534743,50
2022-11-15 00:00:00+00:00,-0.28660758063909664,0.31628931937611504,-0.05795246486897429,0.016200148305918562,0.9559126847251759,5.91233608328096e-06,41
2022-11-16 00:00:00+00:00,-0.3815254534043325,0.3969433664879044,-0.10288974647117109,0.012185288890696063,0.9996488202917194,4.686537709855638e-06,45
2022-11-17 00:00:00+00:00,-0.07549615081527693,0.188899514289726,0.045786395001048794,0.08999127477015975,0.44959695509459624,1.5188807745794863e-06,36
2022-11-18 00:00:00+00:00,-0.0865491571463028,0.20310872179813663,0.1069319257878563,0.12993559941637015,0.46275502807323154,2.789971400108567e-06,38
2022-11-19 00:00:00+00:00,-0.019736221092492,0.12168320503473994,0.18676939407719736,0.10971603503970638,0.2074489659887934,1.1595727678783654e-06,26
2022-11-20 00:00:00+00:00,-0.32519821512968783,0.45353967399993933,0.43327375322806516,0.4842467330997284,0.8111968226586355,5.746124245931696e-06,23
2022-11-21 00:00:00+00:00,0.02714689264872171,0.137433743380154,-0.20577278213108144,0.1718250565902479,0.11474268695997317,0.00035000010417166413,37
2022-11-22 00:00:00+00:00,-0.147349574083215,0.3028581597431335,-0.14269926790464088,0.09963388157332997,0.642641458346444,6.687011058676068e-05,38
2022-11-23 00:00:00+00:00,-0.16864510964581383,0.2959765111103858,-0.134344636677411,0.06625509488678248,0.7142990158847191,1.1708519071010421e-05,32
2022-11-24 00:00:00+00:00,-0.06150180411026529,0.2179087378448401,-0.3200593604744562,-0.013227022775105476,0.483774277175593,9.905562075083352e-06,30
2022-11-25 00:00:00+00:00,-0.14166820200740476,0.2728740550708201,-0.24753194168424336,-0.047285532154146666,0.6552833048061547,9.856085223586812e-06,32
2022-11-26 00:00:00+00:00,-0.7671054419772838,0.516000036612881,-0.198098378748314,-0.1809956230118105,1.5747595144406463,7.703948863974366e-06,26
2022-11-27 00:00:00+00:00,-0.5172936564741839,2.6803848864108066,-0.9321643014341474,-1.3942690007764036,0.5658872330332336,6.298811870737505e-05,26
2022-11-28 00:00:00+00:00,-0.47459578463173,0.44151112462560055,0.005796901798102548,0.14210409223623874,1.1390254050264155,2.01142072362322e-05,29
2022-11-29 00:00:00+00:00,-0.19794306862967698,0.3093452584862785,-0.036960287850871666,0.10317213793138591,0.7202682628807867,5.145327227735531e-05,32
2022-11-30 00:00:00+00:00,-0.12461804302390525,0.2508367907962132,-0.30413566220393967,-0.12405571542689275,0.6279088058307156,1.4390142272579732e-05,37
2022-12-01 00:00:00+00:00,-0.25304487009166515,0.34367952077513464,-0.32868696883033865,-0.19346640803623422,0.8463758135843945,4.598029895633049e-06,29
2022-12-02 00:00:00+00:00,-0.07065461563062432,0.2000562592208934,-0.06415894550880936,0.074949517492011,0.4445408197262283,4.593864633852346e-06,31
2022-12-03 00:00:00+00:00,-0.07153254602446542,0.20003737205902306,-0.04857342215534848,0.07377276135914984,0.4394485284270351,6.493864825112976e-06,23
2022-12-04 00:00:00+00:00,-0.3086469350288887,0.3484501517666879,-0.129312522205718,-0.039691682404561696,0.94548799119742,1.3744459553612956e-06,23
2022-12-05 00:00:00+00:00,-0.4730939868234579,0.4238135601563953,-0.20817091610665933,-0.16429198681832832,1.181535349551821,5.057278923567675e-06,27
2022-12-06 00:00:00+00:00,-0.15025423293115803,0.24169425351680082,-0.25583810017348946,-0.11279279878090574,0.7137054733377275,6.875135246963804e-06,30
2022-12-07 00:00:00+00:00,-0.3547961946426936,0.3577569787009852,0.05085903999533945,0.1560851407947133,1.037454706439024,5.086640573019662e-06,28
2022-12-08 00:00:00+00:00,-0.008146799318758611,0.11993963876759246,-0.08461829785218233,0.03828762982509889,0.16973272407859571,4.042438696827427e-06,24
2022-12-09 00:00:00+00:00,0.001043268200955897,0.10536915199525784,-0.15557618370036855,0.033050581801449104,0.09450504073700709,4.5815107620699174e-06,27
2022-12-10 00:00:00+00:00,-0.04692509984445551,0.17425492441993068,-0.14650028859894618,-0.0016377518552377257,0.3472517754405281,7.671905033475531e-07,25
2022-12-11 00:00:00+00:00,-0.8194938608885022,0.5038119825243033,-0.09698035608805822,-0.10800819615100425,1.6652678371623473,1.370446121078417e-05,40
2022-12-12 00:00:00+00:00,-0.023221895847710537,0.14332190622584723,-0.08603503590526157,0.01353215671447388,0.2522283722062055,1.4713139840419709e-05,33
2022-12-13 00:00:00+00:00,-0.35551707348039135,0.3507759508077651,-0.09235674106342645,-0.04966123103367764,1.0560885232752517,1.737369434686498e-05,40
2022-12-14 00:00:00+00:00,-0.05306411513556575,0.16301670460970746,-0.06651526121381887,0.034647912085113954,0.380033665113443,2.5104845586402502e-06,30
2022-12-15 00:00:00+00:00,-0.02217053164755818,0.12119183452397349,-0.06545923010771426,0.05091164288910151,0.24356067891933458,6.878541829373792e-06,35
2022-12-16 00:00:00+00:00,-0.023911494768996344,0.12228188367520057,-0.2419200731218551,2.6097066701923977e-05,0.27549358774499605,8.665515930079527e-06,34
2022-12-17 00:00:00+00:00,-0.23669889148302542,0.3014810677103473,-0.08945327662772898,-0.01430520255064819,0.8205177684799767,5.098718759546181e-06,29
2022-12-18 00:00:00+00:00,-0.015458653009482196,0.12105358245516033,-0.3013395573198588,-0.036766059661648406,0.2049900243758156,4.432764636306148e-06,23
2022-12-19 00:00:00+00:00,-0.021042144884071873,0.1263678968041654,-0.05772248542073867,0.05201038963440448,0.2173399814451745,1.305492044189174e-06,29
2022-12-20 00:00:00+00:00,-0.03859714772019495,0.1454654566577665,-0.274381569661687,-0.0874033964610509,0.3196405928737961,2.3418221685890594e-06,27
2022-12-21 00:00:00+00:00,-0.07616339824528305,0.2225816509692231,-0.23840178842884785,-0.018709936279426256,0.47534479386033873,8.06925601435833e-06,23
2022-12-22 00:00:00+00:00,-0.1875820713856654,0.2991225981787686,-0.11411417135758174,0.00863706147424198,0.7078366062097861,6.541711528032053e-06,24
2022-12-23 00:00:00+00:00,-0.12547436806629603,0.2545162634541868,-0.20709885810233727,-0.042781956571931484,0.5906491622242025,8.73459290692373e-06,25
2022-12-24 00:00:00+00:00,-0.015955386312039587,0.15452986654696557,-0.3207514812808723,-0.04086577679556661,0.2430039352741625,2.630614744701076e-06,21
2022-12-25 00:00:00+00:00,-0.03438475235292128,0.16558575056189234,-0.18769549450048406,0.0031985648553146985,0.32876432045225695,1.2088842605255042e-06,19
2022-12-26 00:00:00+00:00,-0.07407114007826676,0.20576210057762342,-0.19550741169339442,-0.02925619831433576,0.4605227923816934,1.4027469083955956e-06,26
2022-12-27 00:00:00+00:00,-0.9360336454760595,0.5646909534498942,-0.09980581447797965,-0.08487858207738906,1.7008099687141975,1.364707055204363e-05,25
2022-12-28 00:00:00+00:00,-0.11197848182480005,0.23106570923567524,-0.10883107313449379,0.02370341114305827,0.5691999459502939,3.914433664636026e-06,23
2022-12-29 00:00:00+00:00,-0.3781671811296492,0.4185079351465502,0.25271341066938224,0.34740893353958724,0.9773793654737759,5.876409990662976e-06,22
2022-12-30 00:00:00+00:00,-0.21081542356888944,0.2806692421049571,-0.11258308236782821,-0.027929905469395718,0.8093127134722884,1.0610288068284084e-05,27
2022-12-31 00:00:00+00:00,-0.008332884239598994,0.10169850846911502,-0.32101261029871575,-0.025104764061894554,0.214362024671972,2.1317037103338567e-06,20
2023-01-01 00:00:00+00:00,-0.3282248445122421,0.3225614053860896,0.09445813421329761,0.15180884217267387,1.0570632121638028,3.8581601001010395e-06,22
2023-01-02 00:00:00+00:00,-0.036236259893014044,0.13347180606687215,-0.35538911765505315,-0.1088199646351152,0.38652279381959975,2.7358824625240216e-06,22
2023-01-03 00:00:00+00:00,-0.06086877123573266,0.1641684087543374,0.07913634701828706,0.10335540067543889,0.4421356090860577,3.669913949286509e-06,22
2023-01-04 00:00:00+00:00,-0.061299002062889324,0.1476329928454323,-0.15479573818331233,-0.061356928042358136,0.4850650655483499,2.3288547525030317e-06,21
2023-01-05 00:00:00+00:00,-0.11233602232397662,0.19014759836991746,0.08493946155654805,0.08822294019369104,0.6400711774701586,2.962577924678745e-06,18
2023-01-06 00:00:00+00:00,-0.08312406996257642,0.1892544314342448,-0.37503369106970863,-0.22534029941977157,0.517415010328821,3.97895001362378e-06,23
2023-01-07 00:00:00+00:00,-0.2921863098189107,0.33002091914523285,-0.22957513198582621,-0.2188442715199031,0.9285177701432067,2.9726521450320618e-06,29
2023-01-08 00:00:00+00:00,-0.03484746938282689,0.12180147370354,0.0036891477740188484,-0.0016223057382715672,0.3373370879572366,1.0869411701528784e-06,24
2023-01-09 00:00:00+00:00,-0.0989853510633992,0.183613221801556,-0.14516638683308705,-0.07497116672982318,0.5849226094799229,5.780029915663365e-07,29
2023-01-10 00:00:00+00:00,-0.07161498511068703,0.1652793264674097,-0.039662354832661686,-0.007947278185978509,0.47662933028772836,7.267184161721492e-07,27
2023-01-11 00:00:00+00:00,-0.11468887978845177,0.20306169522399156,0.04724111212886288,0.039671061019945504,0.6014224065912763,7.353621737420464e-07,25
2023-01-12 00:00:00+00:00,-0.25494528530129434,4.322324876454207,-0.9762272336184138,-1.3611447710761635,0.28457182922255864,1.509688639299254e-05,36
2023-01-13 00:00:00+00:00,-0.04764431902655499,0.13244033564709198,-0.04732314856437045,-0.07698072501188212,0.4477723622930069,8.869539765524434e-06,40
2023-01-14 00:00:00+00:00,-0.04929927406111604,0.1791084218732396,-0.4501094171083033,-0.30779837290721274,0.4125356841264157,6.168684907159775e-06,42
2023-01-15 00:00:00+00:00,-0.021914873586183672,0.12951530994866947,-0.254248831015902,-0.15151877293823413,0.29051348438408175,2.768376103332153e-06,42
2023-01-16 00:00:00+00:00,-0.5215637370074142,0.8231287297462722,-0.7480291590337174,-1.1531833475132849,0.9786580346175177,2.0407420864673087e-06,41
2023-01-17 00:00:00+00:00,-0.16385551758327094,0.29896472843786487,-0.5716069835899611,-0.5262484671769411,0.7135912823428197,2.1217328969022903e-06,41
2023-01-18 00:00:00+00:00,-0.047833844291464644,0.14967251679615295,-0.3928624100179075,-0.19716702834490568,0.4187955467998748,1.4792819744871702e-05,37
2023-01-19 00:00:00+00:00,-0.07053645673398824,0.17191636175773142,-0.3311226382511757,-0.18946724726331923,0.47267421024694767,1.495236699729356e-06,28
2023-01-20 00:00:00+00:00,-0.13404718250393086,0.2820881074960632,-0.523962607362482,-0.4492097124101578,0.582834089203724,4.106606494776635e-06,37
2023-01-21 00:00:00+00:00,0.02767802895885206,0.08637259499971318,-0.25857749448100065,-0.063741475513091,0.03889962775272014,0.00020928677358026247,26
2023-01-22 00:00:00+00:00,-0.41060941062171236,0.395295523046587,-0.4331244622064188,-0.6223416810937146,1.2443982641571982,1.1628572027807413e-05,28
2023-01-23 00:00:00+00:00,0.024822948821496906,0.06843880081581752,-0.2780274727375347,-0.08647184442888729,0.10272945887934487,4.850341232907534e-06,27
2023-01-24 00:00:00+00:00,0.004667528688581226,0.11281481522003385,-0.3427443699375109,-0.1139176767068391,0.25198454535138787,1.925282579391537e-06,28
2023-01-25 00:00:00+00:00,-0.0038367077848648016,0.11865160418514367,-0.36854678509211464,-0.14652326947480976,0.27591213342922033,3.3248812848922213e-06,29
2023-01-26 00:00:00+00:00,-0.006629907991657644,0.12193105314671081,-0.3335170822667362,-0.1042815037431175,0.2690968672514367,1.9874268920755855e-05,26
2023-01-27 00:00:00+00:00,0.003924653717211279,0.0941516226551983,-0.32694671905844697,-0.10451391814682295,0.199044560401953,1.5290334832429482e-06,30
2023-01-28 00:00:00+00:00,-0.017139615867483967,0.1295924360207371,-0.4313594183923684,-0.18093309300647245,0.3140316788278882,5.657370795730914e-06,27
2023-01-29 00:00:00+00:00,-0.015004596126429294,0.12242689432286352,-0.3578315520478396,-0.17125809663771727,0.3177032132985904,4.229856343180231e-06,26
2023-01-30 00:00:00+00:00,0.012238888829472442,0.06402196786848642,-0.2889681862920675,-0.04133381429358355,0.10492591088608244,1.5619672667838637e-05,28
2023-01-31 00:00:00+00:00,0.01251842608189338,0.06314974676250912,-0.2833811207497625,-0.0591317728502448,0.10377908268747495,3.138262808449615e-06,25
2023-02-01 00:00:00+00:00,0.010974757790976588,0.07194087216504258,-0.26762519107438126,-0.09758471658760318,0.09314291111647319,5.262199118609992e-06,28
2023-02-02 00:00:00+00:00,-0.010635907115776545,0.09328737613164181,-0.17943264303020745,-0.039814799634412056,0.3111963728873017,1.2646466926375663e-06,28
2023-02-03 00:00:00+00:00,-0.43524777950920124,0.4456063047458559,-0.5219242291820816,-0.7355872037607021,1.186202389243086,2.9863333844033987e-06,29
2023-02-04 00:00:00+00:00,0.007695124957152718,0.054374377774082445,-0.28355571078624175,-0.05501032202342093,0.10571040341742989,1.3971393903609566e-06,30
2023-02-05 00:00:00+00:00,0.009790285974334244,0.042039661836691875,-0.29326533832950286,-0.024978026533334707,0.1106546198681309,7.292997401236704e-07,27
2023-02-06 00:00:00+00:00,0.007615644603200298,0.0503026051065504,-0.2947786375173051,-0.017841430693673326,0.10986106901610652,1.1898884800199273e-06,32
2023-02-07 00:00:00+00:00,-0.12066062235213253,0.2188189842361892,-0.42717021561596613,-0.3215479692874103,0.6704691329538996,4.7930875040712985e-06,34
2023-02-08 00:00:00+00:00,0.004022379509797424,0.05905510483883901,-0.2835531788532727,-0.04818106033667599,0.10166696058911055,9.399289304041778e-07,32
2023-02-09 00:00:00+00:00,0.00303730096222088,0.05711781945890238,-0.29683080008595414,-0.012237302047464371,0.10579519289763187,6.889171987135615e-07,32
2023-02-10 00:00:00+00:00,-0.03105163710517792,0.1161185478601009,-0.20491195591539732,-0.05760870973895575,0.34126421900549936,8.845310339399142e-07,31
2023-02-11 00:00:00+00:00,-0.07416490366292817,0.17265674870820072,-0.3175402076041718,-0.17409956106754362,0.4895461860056815,2.3721548916437098e-06,35
2023-02-12 00:00:00+00:00,-0.021136119483399534,0.10731527885592178,-0.3066965218019264,-0.09024733413450299,0.2617104586549403,9.458028961470439e-07,29
2023-02-13 00:00:00+00:00,-0.11254377767168333,0.19100228976280176,0.1366175634037539,0.08719232613809216,0.6293117482948363,4.6182111816726025e-06,31
2023-02-14 00:00:00+00:00,1.774797865862081e-05,0.057064349675544086,-0.2862792788660398,-0.044486905840420914,0.09806492664210063,2.429504116418983e-06,32
2023-02-15 00:00:00+00:00,-0.04387924408334036,0.14083771183293103,-0.29737181136903074,-0.18980177141986412,0.3742298998457031,4.0149497841758056e-06,38
2023-02-16 00:00:00+00:00,0.00326106689551068,0.05300004851523935,-0.2876045595349997,-0.021294833993057653,0.10039089717763186,3.4337046760472825e-06,37
2023-02-17 00:00:00+00:00,0.0017999497929585542,0.05299612767456429,-0.27485976961706504,-0.10004574993993162,0.10686822291927989,1.5074704793852134e-06,34
2023-02-18 00:00:00+00:00,-0.0012422304721206017,0.06519488116825808,-0.2816084471039779,-0.06808796737829159,0.10410434436091484,6.725782811552456e-07,29
2023-02-19 00:00:00+00:00,-0.02053537516410293,0.11549598957179505,-0.32483678988794734,-0.10219986429003518,0.23729641200513452,7.457312661969093e-07,31
2023-02-20 00:00:00+00:00,-0.00036558679216828463,0.05022756728395748,-0.2828248445808639,-0.08282922271682693,0.10400659571679709,2.3133374985184598e-06,29
2023-02-21 00:00:00+00:00,-0.15144304386956373,0.21907452768590654,-0.09177840186578795,-0.04321949138242438,0.8586386088732678,1.1967707385574344e-05,41
2023-02-22 00:00:00+00:00,0.01731128073374817,0.08872102246961085,-0.15870784144010552,-0.04299416405243202,0.1591229263134161,7.399095370941149e-06,38
2023-02-23 00:00:00+00:00,-0.36771446921392387,0.9972811336811491,-0.8412236489357728,-1.1488121038610142,0.7394437872989782,5.866142351032449e-05,34
2023-02-24 00:00:00+00:00,-0.009065720667802606,0.10884046289250603,-0.022304439009622486,0.03857306899393441,0.3026004113198755,3.4119524737707466e-06,37
2023-02-25 00:00:00+00:00,-0.010753931964298656,0.10439698935575915,-0.20025619594497865,-0.08393484267998406,0.30600667563473727,1.1686759914926475e-06,23
2023-02-26 00:00:00+00:00,-0.044382674179789014,0.13400512838897502,-0.08261336702620167,-0.029016073274148003,0.4909283566220774,4.393994597895806e-06,38
2023-02-27 00:00:00+00:00,-0.0672577696676964,0.15344870488491466,-0.15126868357433335,-0.0666437611924909,0.5791565293413842,3.610332816874189e-06,33
2023-02-28 00:00:00+00:00,-0.8332433768417669,1.2735558908365157,-0.8463432858394324,-2.0,1.2614385510908614,1.5072693781871343e-05,36
2023-03-01 00:00:00+00:00,-0.03814455543348404,0.8890132092921601,-0.9319905517708357,-0.5893300244766978,0.18833885492522434,7.473821315849249e-05,31
2023-03-02 00:00:00+00:00,0.01403165783988428,0.06633586669180294,-0.2793607431473835,-0.0537012462879162,0.0965260398602986,2.017745294761604e-06,31
2023-03-03 00:00:00+00:00,-0.23511639218055103,0.27150614516253324,-0.26341499699822696,-0.23506038411720281,0.9731142137892078,2.5847058443202675e-05,36
2023-03-04 00:00:00+00:00,0.010343871987159336,0.06491936823556425,-0.28071189653769185,-0.0463699536799314,0.0990781641128891,2.3663826181192895e-06,24
2023-03-05 00:00:00+00:00,0.008418990632326144,0.0734169369883835,-0.28048514685484294,-0.050018424254310336,0.09559850942964085,3.1990449842965245e-06,28
2023-03-06 00:00:00+00:00,-0.4126902092991246,0.41074844099150026,-0.47922627731037537,-0.6426829210051225,1.1916496039098547,5.210173922713974e-06,34
2023-03-07 00:00:00+00:00,-0.03299215766225752,0.1283218822714016,-0.008295384927697668,0.0222254087898575,0.37399836736014636,6.079498937632019e-07,27
2023-03-08 00:00:00+00:00,0.006193071174822277,0.06477997694551027,-0.28972772507770594,-0.020382555608144653,0.1040457946113343,2.270883550471957e-06,28
2023-03-09 00:00:00+00:00,0.00893152812330747,0.0576457331703468,-0.3000035552820052,0.010883150344533517,0.10748475432125774,2.738216055948328e-06,29
2023-03-10 00:00:00+00:00,-0.012609409854921582,0.12293376800452535,0.1165456244860783,0.09860239442688394,0.21160217895693992,5.290155017251064e-06,35
2023-03-11 00:00:00+00:00,-0.3505645584618501,0.36780708811877166,0.23805390448014976,0.3528864988282013,1.0277695786328862,1.9004108035065868e-05,37
2023-03-12 00:00:00+00:00,0.007670286408656046,0.07899258634022656,-0.2909028454667611,-0.03284436110898432,0.10280403216593274,5.125202575038496e-06,36
2023-03-13 00:00:00+00:00,-1.0,0.6033079294020238,-0.3169484128946693,-0.6173443911951638,1.7821254326918483,4.813194617331302e-05,50
2023-03-14 00:00:00+00:00,-0.1590563610288966,0.26337125354909174,0.21492817684460666,0.2070903558217852,0.6854202985396234,8.974296186573251e-05,54
2023-03-15 00:00:00+00:00,-0.3375155739651733,0.32299273160003134,0.22170159560061573,0.3281217436253755,1.131012100560153,5.97444992235791e-06,46
2023-03-16 00:00:00+00:00,0.0065512824991563415,0.07559509910312935,-0.2780027147054586,-0.07035722451404464,0.09988208772379356,3.263406766952124e-06,47
2023-03-17 00:00:00+00:00,-0.32911784631563074,0.33373096583096057,-0.34693597234471374,-0.4214414949280822,1.1110225563192038,2.920053256007036e-05,52
2023-03-18 00:00:00+00:00,-0.007501496556624404,0.1064953068915532,-0.34764626669540366,-0.1108097110660555,0.2382985227530132,3.2992740715192638e-06,50
2023-03-19 00:00:00+00:00,-0.10919249736157428,0.19556887666545109,0.1079597881721076,0.08535685748112902,0.6536061975548357,1.563559362371204e-05,54
2023-03-20 00:00:00+00:00,0.005852292037921386,0.08533399567826043,-0.28090335108620734,-0.06181302212495801,0.09829102733222284,2.125536564229476e-05,51
2023-03-21 00:00:00+00:00,0.012547185903049998,0.13371536893738398,-0.36045635631214595,-0.1868354851235334,0.24481486037152955,4.416410023537326e-06,34
2023-03-22 00:00:00+00:00,-0.0844724517756618,0.2384813824176244,-0.3560226904046245,-0.22007252441675515,0.550301520296102,1.006541909059005e-05,32
2023-03-23 00:00:00+00:00,0.009559613682971988,0.11692778942528126,-0.21521622326021542,-0.10772125000509218,0.23263071379226874,8.777627462769999e-06,35
2023-03-24 00:00:00+00:00,-0.00902875602694808,0.14675981977804392,-0.3896444835042167,-0.1863874720696101,0.3564324394804772,5.077454835752133e-06,37
2023-03-25 00:00:00+00:00,-0.0560363457994935,0.1756179905330651,-0.10492691471717483,-0.033087266065419035,0.5091377938389228,1.1199059547062848e-05,30
2023-03-26 00:00:00+00:00,-0.0071685616455987745,0.13523590314596814,-0.37054971220723326,-0.14356226773607778,0.3078340400377466,6.541448835146769e-06,28
2023-03-27 00:00:00+00:00,0.008313092715066531,0.11148001406887505,-0.3098912003666644,-0.07729600287531346,0.21236077796297267,3.316493797595365e-06,32
2023-03-28 00:00:00+00:00,-0.8898945784249849,0.5478269435806169,-0.3597719081594328,-0.6719269980271999,1.799074396041458,2.8288796852220287e-05,33
2023-03-29 00:00:00+00:00,-0.11281534577960733,0.2738063704331208,-0.5878449003602404,-0.5197998334530857,0.6469721785997851,1.0756020873445093e-05,38
2023-03-30 00:00:00+00:00,-0.023782095028717615,0.14372699908346978,-0.20231944608095967,-0.07253445529117689,0.38086222188591107,2.9428609678496933e-06,33
2023-03-31 00:00:00+00:00,-0.015091572926083426,0.13049144917783134,-0.42532253903209893,-0.20146166030309093,0.3370321549277018,1.0382662383132115e-05,35
2023-04-01 00:00:00+00:00,-0.0840124790058106,0.19980752500965115,-0.3274341805520167,-0.19413074724954915,0.5629474930631237,5.606130302489622e-06,28
2023-04-02 00:00:00+00:00,-0.0013371553041426152,0.10318547246760443,-0.3510750417453102,-0.10491521666367204,0.2432559765002261,9.100882908060247e-07,31
2023-04-03 00:00:00+00:00,-0.19201021391129677,0.2566005107193249,-0.2901199802537808,-0.243968041104151,0.8746201241059548,8.607487911191847e-06,34
2023-04-04 00:00:00+00:00,-0.017911151940621494,0.12098629298564358,-0.3222610647313636,-0.13942122062926726,0.3432946672777957,1.4695016863872186e-06,28
2023-04-05 00:00:00+00:00,-0.17850198470670828,0.33720288931652614,-0.6470129121205249,-0.6854939155851475,0.7776691668401298,5.374360468613884e-06,33
2023-04-06 00:00:00+00:00,-0.07645790591719007,0.18864684500113418,-0.4930904661042521,-0.32387758087551194,0.5826298897920167,2.8485009883498175e-06,32
2023-04-07 00:00:00+00:00,-0.07668425473320453,0.17388335103817085,-0.31281919334544694,-0.18974647148826337,0.5574462782343113,3.5186194146389606e-06,33
2023-04-08 00:00:00+00:00,-0.06297114679173789,0.17376291205526528,-0.526672284555207,-0.32510488830655426,0.5298969396540538,2.8496085512827413e-06,32
2023-04-09 00:00:00+00:00,0.007696459623628218,0.06196525013598145,-0.2891918153279428,-0.048750146684977846,0.10431116705019414,2.1607244018430415e-06,28
2023-04-10 00:00:00+00:00,0.008270238913798652,0.07050295655435664,-0.26672588849046547,-0.10793640356845946,0.1051470845490631,7.948610615783184e-06,34
2023-04-11 00:00:00+00:00,-0.04895399697638032,0.14645419166797644,-0.43563009439475014,-0.26688627044366425,0.5040815656420553,1.2741791177756961e-05,39
2023-04-12 00:00:00+00:00,-0.08377642971758145,0.19194638786430773,-0.4658825898963744,-0.2941364355989135,0.5678296453594885,4.409186943565162e-06,32
2023-04-13 00:00:00+00:00,-0.1327060769275066,0.24110495800306725,-0.4968965715999142,-0.4041957012300711,0.688272483549879,1.832410593250762e-06,31
2023-04-14 00:00:00+00:00,0.0020096188301967437,0.06464867519162223,-0.28686300819847865,-0.06249935637981295,0.1039976915418572,7.4087588848626485e-06,32
2023-04-15 00:00:00+00:00,-0.07763004270904295,0.19332406147845435,-0.46877168238770955,-0.2762662174700154,0.5003050005143789,1.5802078534301097e-06,27
2023-04-16 00:00:00+00:00,0.0020681352074906826,0.05466945751448654,-0.29532216450785,-0.041281422911622546,0.11185380417217737,1.2552033129906194e-06,26
2023-04-17 00:00:00+00:00,0.0012085372053216251,0.05738715275661133,-0.28955261256892534,-0.047755378955422666,0.10682353759651117,5.099473918172705e-07,26
2023-04-18 00:00:00+00:00,0.000653305634469384,0.05590891822849391,-0.28647579190235795,-0.06284974698360304,0.10609820594645693,2.4067805565473092e-06,27
2023-04-19 00:00:00+00:00,-0.09833871612311797,0.20537858797836225,-0.4691007657690223,-0.27884520113627026,0.579345399947826,3.562091311991567e-06,30
2023-04-20 00:00:00+00:00,-0.0007173442200197567,0.056133656245453724,-0.292140643691707,-0.04073094803501577,0.10635990990284513,1.039655141368514e-06,27
2023-04-21 00:00:00+00:00,-0.0015828844620643888,0.104074651158015,-0.24396057762265788,-0.027133166339590856,0.26314885569406943,1.6807465246903474e-06,30
2023-04-22 00:00:00+00:00,-1.4517404780751584e-05,0.10466011535819433,-0.3155172433628343,-0.11709915797981689,0.24548064667538053,1.7268499795926142e-06,31
2023-04-23 00:00:00+00:00,0.01523873825321205,0.07987112176951848,-0.28509217148537763,-0.052782130103896305,0.10086310135839287,1.3064573887499603e-06,23
2023-04-24 00:00:00+00:00,-0.00922499952926257,0.11013519770907236,-0.14038717840880258,-0.016412879431784586,0.28366183960800595,8.794841393427626e-07,28
2023-04-25 00:00:00+00:00,-0.04280937582904696,0.16164396333426495,-0.3315906585628802,-0.16358570454536206,0.41722831848057484,2.0721061989045743e-06,30
2023-04-26 00:00:00+00:00,-0.036803216259971926,0.1650373485483669,-0.43944862665742435,-0.21364728926989612,0.40614405198650855,1.1642474943693502e-05,39
2023-04-27 00:00:00+00:00,-0.03428187931913867,0.15796163899891402,-0.4029810381975264,-0.20925524101286153,0.384638882359096,3.3370758563033008e-06,30
2023-04-28 00:00:00+00:00,-0.13227721737768547,0.2130217637237539,0.00012209440822290725,0.03825977365112544,0.7046610786441635,3.845465974228985e-06,34
2023-04-29 00:00:00+00:00,-0.003553257914821913,0.09978322752564399,-0.33784963540765495,-0.08509975447388632,0.21041114004069075,1.0717648283212683e-06,25
2023-04-30 00:00:00+00:00,0.008689184015122335,0.07238298138532476,-0.2911175720247087,-0.03268988988052791,0.1033771448641001,3.333195397735275e-06,29
2023-05-01 00:00:00+00:00,0.0015917452236585501,0.08837501946803403,-0.3613855010456723,-0.07225519050204446,0.19664128420005184,8.478201161886017e-07,29
2023-05-02 00:00:00+00:00,-0.0045819316333938435,0.09767328061174402,-0.31112117267605566,-0.10055558951684271,0.22154547922129486,8.149386745713247e-07,27
2023-05-03 00:00:00+00:00,-0.03880597599159282,0.13774529382647813,-0.13597531371238633,-0.05280992852967923,0.3989369017961812,2.1100299239639764e-06,32
2023-05-04 00:00:00+00:00,0.006107867871468861,0.07635473355047723,-0.2832067747573469,-0.06761597732966797,0.10407545638090215,2.964722809886612e-06,32
2023-05-05 00:00:00+00:00,0.007422334985961034,0.06043520282120563,-0.27600406212628614,-0.07532654439356028,0.1018687688227264,1.0345689713348417e-06,33
2023-05-06 00:00:00+00:00,-0.02352875493311874,0.11400395870658381,-0.3607400796878808,-0.14566356446128773,0.34160074586229416,6.919226875657577e-07,27
2023-05-07 00:00:00+00:00,0.008096253607963368,0.04086330767591318,-0.2919079212067321,-0.03189108812248474,0.11155436860034833,1.6493370984842343e-06,20
2023-05-08 00:00:00+00:00,-0.04220284983871072,0.12833242205957612,-0.16161232630536096,-0.053096106289328045,0.4251993030856915,1.0249449884750994e-06,32
2023-05-09 00:00:00+00:00,-0.027017993118099135,0.11580026043456047,-0.1649817612335602,-0.06357099563329771,0.3342626937881165,7.730843788854556e-07,26
2023-05-10 00:00:00+00:00,-0.04175522796900768,0.13376924863061193,-0.02860845301046361,-0.009617408853525872,0.3889299032506464,2.70705461124722e-06,28
2023-05-11 00:00:00+00:00,-0.05756227120191187,0.13396167472957038,-0.02779420871594512,0.01740765992183969,0.502759843187499,9.419010829863451e-07,31
2023-05-12 00:00:00+00:00,-0.18040976452016158,0.2549938880829997,-0.28579231005003636,-0.2499546465769835,0.7744874709427287,3.22695356141011e-06,33
2023-05-13 00:00:00+00:00,0.0003108255636959111,0.06405994274634087,-0.2825387776943387,-0.054334066851634874,0.10113491174079964,1.1476282057279551e-06,25
2023-05-14 00:00:00+00:00,-0.02018775856686976,0.09664702694001322,-0.10774646927230278,-0.026827785406356216,0.27741669401204855,4.449794362389822e-07,21
2023-05-15 00:00:00+00:00,-0.09353093137982531,0.16559515341268505,-0.08591281347942156,-0.046887287429136296,0.612580894338235,1.4718867177649189e-06,25
2023-05-16 00:00:00+00:00,-0.03103649755964613,0.10656210722185572,-0.1819408272998367,-0.08273102955523966,0.3571816101900488,8.650878682468616e-07,23
2023-05-17 00:00:00+00:00,-0.001515015298348989,0.06225450266592064,-0.2829781981739277,-0.0798965929952829,0.10097112185742012,6.490676324257872e-07,22
2023-05-18 00:00:00+00:00,-0.0025187333944421786,0.06232906357711086,-0.2902372745890807,-0.043635275729729806,0.10463040702499372,4.167335101315744e-07,25
2023-05-19 00:00:00+00:00,-0.003859226285425299,0.06605620819061243,-0.28448335687524545,-0.054755058830644326,0.10388123820811808,8.480708196596878e-07,29
2023-05-20 00:00:00+00:00,-0.06912041862792521,0.1778358692725363,-0.15993771591572414,-0.07464968270863241,0.4057273706491994,2.642580980965721e-07,22
2023-05-21 00:00:00+00:00,-0.03597946742844763,0.1519734841275281,-0.1318048821283277,-0.01581852719467029,0.37883689062515236,1.7383050283518261e-06,32
2023-05-22 00:00:00+00:00,-0.01396965416050974,0.12415526210850625,-0.014652809783749304,0.039418302930394514,0.27769539064044624,2.8534641467257442e-06,37
2023-05-23 00:00:00+00:00,-0.027543436528504283,0.14505640211451046,0.01384087807674251,0.03361694294672005,0.336058398699236,4.651255042572392e-06,34
2023-05-24 00:00:00+00:00,-0.0043199599815512725,0.12029486896955185,-0.09681637536531397,0.018851094872157345,0.21476177091902418,3.841909112275418e-06,42
2023-05-25 00:00:00+00:00,-0.028444157025768975,0.1483033821600434,-0.08004241385054503,0.0069207052531334735,0.32541456180693723,4.4819464374861436e-06,36
2023-05-26 00:00:00+00:00,-0.03283769213332759,0.15178410528520025,-0.012363599318130497,0.04276157190341217,0.31697025213268465,7.364292397970018e-06,37
2023-05-27 00:00:00+00:00,-0.040326651484718194,0.1561559715656142,-0.009816621066005853,0.04437688128470088,0.3524600021565411,3.1769855016897974e-06,32
2023-05-28 00:00:00+00:00,-0.007742332907219611,0.11324934532497152,-0.10494102064557694,-0.031777386906088285,0.22242699659304266,4.317249400379806e-06,37
2023-05-29 00:00:00+00:00,-0.06104467043773099,0.16885486816267312,-0.13118051404093958,-0.035750992607379795,0.465781244467624,8.411949728051714e-06,34
2023-05-30 00:00:00+00:00,0.004407602181852891,0.09263571570608567,-0.28655656484892233,-0.037465909584351496,0.09630918176416316,3.3323710785067772e-06,27
2023-05-31 00:00:00+00:00,-0.02955309499131692,0.14224194503928803,-0.09855076778347575,0.005282986354391221,0.30033347445433556,1.0762990582411439e-06,33
2023-06-01 00:00:00+00:00,0.0018395351440987993,0.09107258361692132,-0.2896832201056672,-0.027202778465741248,0.0989547805725036,1.2730902460690934e-06,30
2023-06-02 00:00:00+00:00,-0.11027363465566574,0.2176183099255373,0.12254280368169325,0.12420461564380568,0.5622982484826028,6.403802699774422e-06,39
2023-06-03 00:00:00+00:00,-0.013321948816207034,0.11584886307721817,0.010006304629150857,0.03398139610310002,0.19238283003734885,1.3018591678202072e-06,25
2023-06-04 00:00:00+00:00,-0.14939019201909057,0.22938058088038507,-0.0031327511655744435,0.04072354238284189,0.6936853875159608,4.244975965483987e-06,28
2023-06-05 00:00:00+00:00,-0.013616665064397113,0.11421420306348683,-0.1619991029985288,0.0031140486433501274,0.19588151720951397,6.767649603355022e-06,37
2023-06-06 00:00:00+00:00,-0.016114897615367343,0.11164787227091946,0.04699264849022994,0.013088867448119237,0.22977813566419203,1.6562620009467763e-06,39
2023-06-07 00:00:00+00:00,-0.23329042176447076,0.2726966404041329,0.23765352284205327,0.28325725581690053,0.924320523273983,4.447148774033431e-06,33
2023-06-08 00:00:00+00:00,-0.2629576959285945,0.3029434410802421,-0.09621414663605896,-0.057927235119519326,0.903598815015099,1.6665950062222222e-06,31
2023-06-09 00:00:00+00:00,-0.238707192115715,0.27898230739801566,0.17042071440142498,0.19787554711497768,0.8992082172246152,1.6313481127284072e-06,35
2023-06-10 00:00:00+00:00,0.0021792586885381548,0.06390007679034256,-0.2857032717940219,-0.03475954769926036,0.09959591256378922,1.4492103527128086e-06,36
2023-06-11 00:00:00+00:00,-0.12424738161319523,0.262153273869104,-0.4998640936319937,-0.32019096640034944,0.5835698238276926,8.579040571670166e-07,33
2023-06-12 00:00:00+00:00,-0.6715322399469825,0.4732499063569514,-0.2463492472547715,-0.35495136888256024,1.484584929254188,2.7329878841165344e-06,40
2023-06-13 00:00:00+00:00,0.0009579688636243077,0.0718898636556902,-0.2943356879817034,-0.01952898416952391,0.10193036341332624,2.5874964671629823e-07,34
2023-06-14 00:00:00+00:00,-0.17132148632364305,0.2488254360041415,0.16158706240731635,0.19384776852599137,0.7286523860140564,2.1269864507508455e-06,46
2023-06-15 00:00:00+00:00,1.891458454100581e-05,0.0750403213361019,-0.2857137892228593,-0.04375833705358359,0.09655989090584212,2.3104888250818888e-06,39
2023-06-16 00:00:00+00:00,-0.20115278719587548,0.4981285872290293,-0.6609558480969283,-0.5149169615776006,0.5537527478669328,0.002094769317585248,48
2023-06-17 00:00:00+00:00,-0.0437053760072436,0.1482909817556379,-0.3438967683566879,-0.1356957964033029,0.355587731710705,1.6917951111412387e-06,36
2023-06-18 00:00:00+00:00,-0.15538318999219788,0.23275589978976377,0.11744926869801245,0.10606054737505946,0.6958866873495624,7.319092994237074e-07,29
2023-06-19 00:00:00+00:00,-0.10739953321960122,0.22101853076602074,-0.45263025365625426,-0.3196128707063595,0.574194203388447,1.055874319170691e-06,41
2023-06-20 00:00:00+00:00,-0.26994137083872033,0.29796463286095,0.11463904017984752,0.1142126717628034,0.9363956802637637,4.441493016158745e-05,45
2023-06-21 00:00:00+00:00,0.0035890394148012294,0.1098565348936836,-0.09373128070362016,-0.07273697664838222,0.22666799387232425,1.8582617553825436e-05,43
2023-06-22 00:00:00+00:00,-0.018523321957102813,0.14366262821200745,-0.08238573814169695,-0.019273903299407404,0.29742831694354005,2.5971675467688252e-06,38
2023-06-23 00:00:00+00:00,-0.009381696701062056,0.12090992929975117,-0.10675376577441517,-0.0497585939619157,0.26371824104579933,2.074349833955522e-06,37
2023-06-24 00:00:00+00:00,-0.031047660024179708,0.15567755645294282,-0.18433296880430594,-0.07218370201201939,0.33589629626096007,2.2303945733288093e-06,38
2023-06-25 00:00:00+00:00,-0.003907698833407742,0.11030980509182113,-0.2597207430307922,-0.07608616071891218,0.2198375000897531,1.4125540931817079e-06,31
2023-06-26 00:00:00+00:00,-0.025771261379204005,0.13718232328453375,-0.10323120027298543,-0.0346144437424891,0.32220390183572295,1.6869743849603138e-06,33
2023-06-27 00:00:00+00:00,-0.020095501587058,0.12863580361483706,-0.0754490179169789,-0.03311396527183812,0.29616127840959733,1.0968210976766031e-06,34
2023-06-28 00:00:00+00:00,-0.01539139382290608,0.12821106540105423,-0.3231923844188091,-0.11354811665739911,0.2604513520671481,5.673864427686945e-07,38
2023-06-29 00:00:00+00:00,0.006467626248786687,0.08078454955949602,-0.2789765498845004,-0.06659235800267388,0.09445394378406285,1.9857487731621976e-06,35
2023-06-30 00:00:00+00:00,-0.1414282190578832,0.2245042216472979,-0.17196198853740755,-0.13575462886395162,0.7033620134998573,4.906125232346617e-06,41
2023-07-01 00:00:00+00:00,-0.007266174851633578,0.09145863831500407,-0.20882819174697784,-0.08139095153933548,0.22690207590465042,1.0127105281105316e-06,26
2023-07-02 00:00:00+00:00,0.006539947511114274,0.06637117226953282,-0.27076658058296854,-0.09443981284207556,0.10271859502331389,1.6182323733256372e-06,26
2023-07-03 00:00:00+00:00,-0.11032259203734977,0.18654023818645332,-0.030013730050191867,-0.0375652995445374,0.665453995043492,3.631288611013271e-06,34
2023-07-04 00:00:00+00:00,-0.02275299633157684,5.0,-0.9908272294094239,-0.5306493226044213,0.054358481432750835,1.6517173280034752e-05,31
2023-07-05 00:00:00+00:00,0.004224930730755507,0.06416148815843878,-0.28134477800063207,-0.06738996786524447,0.10133742207124714,8.569580328821074e-07,30
2023-07-06 00:00:00+00:00,-0.0019055738970572534,0.08397107773449711,-0.4458236702934675,-0.09200522720395438,0.19194448682156356,1.2427136407825794e-06,34
2023-07-07 00:00:00+00:00,-0.025164039357554856,0.11452176333650775,-0.20936057738951297,-0.06863477641479844,0.31431127285178195,6.052228464688097e-07,34
2023-07-08 00:00:00+00:00,0.0006047900977425007,0.0688144537480963,-0.2834073539217745,-0.05873799305435952,0.10475989265420863,8.529678007071049e-07,24
2023-07-09 00:00:00+00:00,0.001311156181557746,0.06411538576585996,-0.2885229089171997,-0.04717784067956264,0.10190976897816832,3.7634009499455603e-07,21
2023-07-10 00:00:00+00:00,-0.04520337309421727,0.13436124264367505,-0.0999118469172723,-0.01887338414842882,0.3961130628914169,6.030774257896555e-07,32
2023-07-11 00:00:00+00:00,0.00032440820476958507,0.0709573374362473,-0.2833510322485545,-0.058963903331571386,0.09794753730674506,8.210893092548721e-07,29
2023-07-12 00:00:00+00:00,-0.0009041331818559644,0.07352987505328709,-0.2790949561227655,-0.05637509520594814,0.09924847949681707,2.0448069652689288e-06,30
2023-07-13 00:00:00+00:00,-0.00023558032354952465,0.06848789787373165,-0.27033242908159394,-0.08561786632305192,0.09631913311534904,1.760900796153602e-06,30
2023-07-14 00:00:00+00:00,-0.06320781769476633,0.14241550411477444,0.12838841448760688,0.1030604239002413,0.49653819791270987,2.0036006176920905e-06,36
2023-07-15 00:00:00+00:00,-0.0012357311143013211,0.06295079885379594,-0.2814433050601927,-0.059679995516075,0.09774676266157374,1.670734894138838e-06,28
2023-07-16 00:00:00+00:00,-0.03542891376148908,0.11526064189514511,-0.17500235213103876,-0.061341443224008814,0.35547020838357085,4.2734052526912583e-07,27
2023-07-17 00:00:00+00:00,-0.049112184134945766,0.11861744329176027,0.03463225555496881,0.03593014064950817,0.45742054665353576,6.307631316197746e-07,25
2023-07-18 00:00:00+00:00,-0.05949273242071816,0.13167714003297631,-0.08986960088920525,-0.03119944066187169,0.4853392687753983,5.989427097830088e-07,27
2023-07-19 00:00:00+00:00,-0.011132263392081888,0.07432559979097786,-0.09457154672114416,-0.007578015774209932,0.19547921156917616,4.901229175373757e-07,30
2023-07-20 00:00:00+00:00,-0.004232601414779756,0.06552200215930297,-0.28700441977586,-0.047975054504795,0.10153897546407033,8.907378169557632e-07,36
2023-07-21 00:00:00+00:00,-0.06779368481168385,0.18681568004444105,-0.368669808267919,-0.23793615249210712,0.47128149852114043,2.4433621285628975e-06,31
2023-07-22 00:00:00+00:00,-0.020534241093796313,0.11858175627137835,-0.14209530800021242,-0.05797273203078181,0.27521634556855745,2.963125096232971e-07,28
2023-07-23 00:00:00+00:00,-0.0348772046398518,0.13254403140427862,-0.06014594329079033,-0.034444654238869325,0.35222126671911486,3.543479191849316e-07,26
2023-07-24 00:00:00+00:00,-0.017554613015140188,0.1161880113652531,-0.2757825006277412,-0.1017254563359163,0.25739541885386197,1.6645876838798083e-05,33
2023-07-25 00:00:00+00:00,-0.013197843053420883,0.10487615009250804,-0.29227461069591504,-0.1102183289181593,0.23146325532277495,1.1350047570797303e-06,29
2023-07-26 00:00:00+00:00,-0.025755914086741827,0.12096665435574981,-0.23160197951031516,-0.10311611565896313,0.3101908619330942,1.1072630900576884e-06,25
2023-07-27 00:00:00+00:00,-0.025231903848587707,0.11920260658340721,-0.12750859380644936,-0.0501470971401342,0.29023842479919515,4.3797388800537153e-07,30
2023-07-28 00:00:00+00:00,-0.025429957175629396,0.11691981091867462,-0.12598058185069153,-0.045553298016916745,0.287970380027817,1.0913219687461167e-06,37
2023-07-29 00:00:00+00:00,-0.027046130196130495,0.12022928414736565,-0.057332634600089985,-0.008172295553467188,0.2837066440643056,1.0748204846668661e-06,31
2023-07-30 00:00:00+00:00,-0.012964253001793897,0.10586707593492953,-0.27653310698555644,-0.0794484726507307,0.194515145077754,1.7758626910550841e-06,28
2023-07-31 00:00:00+00:00,-0.051342516642999825,0.14463441564277277,-0.05276107856275401,0.000669239832101385,0.40461151221185004,1.566613851267824e-06,34
2023-08-01 00:00:00+00:00,-0.032824329519109297,0.12459020089700322,-0.10887472076768691,-0.04864461191010112,0.32193620189493793,9.235369299767024e-07,32
2023-08-02 00:00:00+00:00,-0.013493305039917896,0.16365234955112112,-0.6063864762693897,-0.17767031764234728,0.14426975861681818,0.0004766081979508958,36
2023-08-03 00:00:00+00:00,-0.02630509961863183,0.11512358750533327,-0.16623494213489998,-0.055833953861033875,0.28608066122103387,6.764911744783508e-07,28
2023-08-04 00:00:00+00:00,-0.018554497128976513,0.10414599050425079,-0.2190617721471334,-0.06967382068282761,0.23422491780653373,1.8480401338103487e-07,26
2023-08-05 00:00:00+00:00,-0.0035176165545286434,0.07882232894800698,-0.28002402255092634,-0.07032692402736034,0.09896319100025448,1.1146232724589422e-06,25
2023-08-06 00:00:00+00:00,-0.016679377258945974,0.09876301395525106,-0.2037510701701801,-0.056226366089200355,0.22021591722504752,3.6568830058642406e-07,25
2023-08-07 00:00:00+00:00,-0.03375978748865015,0.11826718822400414,-0.14424503704435732,-0.054061946803372826,0.33386586452187217,1.3564692687325462e-06,29
2023-08-08 00:00:00+00:00,-0.034561617232033666,0.12380680375313391,-0.4177125090238969,-0.23069191785531853,0.37819932706884957,6.543131418972984e-06,34
2023-08-09 00:00:00+00:00,-0.006390877312928759,0.0855736869416399,-0.31052075762804093,-0.07521846181174169,0.14777161237133826,5.611462817001154e-06,30
2023-08-10 00:00:00+00:00,-0.0026540162633249035,0.07189246378644404,-0.2803932051566984,-0.06255204914641584,0.09752343837851984,4.23550485303596e-07,23
2023-08-11 00:00:00+00:00,-0.003460844402303809,0.069222597560458,-0.2775489386829235,-0.0662889855833051,0.09778077432995394,7.558737182077877e-07,26
2023-08-12 00:00:00+00:00,-0.003926785810347657,0.06709154192280495,-0.2878160087071957,-0.05324951420209775,0.09707478717915924,8.187446415932533e-07,33
2023-08-13 00:00:00+00:00,-0.0037151258444629584,0.06598802652300025,-0.2887297408308767,-0.04553231141860685,0.09862287274559182,9.450827576840716e-07,30
2023-08-14 00:00:00+00:00,-0.0011526520435834874,0.06549915240378197,-0.26484455527041245,-0.04070674475026805,0.04945371188549477,2.8713075347502717e-05,38
2023-08-15 00:00:00+00:00,-0.005052807051895489,0.07432377247761557,-0.2847112842927266,-0.05844785771159761,0.09983229913837849,1.0383642558020889e-06,36
2023-08-16 00:00:00+00:00,-0.02278466700046658,0.09642268739057751,-0.3074853142278785,-0.09245858393156374,0.27853120186357155,1.008107687609578e-06,36
2023-08-17 00:00:00+00:00,-0.48317894620792196,0.35630720564205853,0.03483471258924751,0.03790862125660145,1.3801967397461927,0.00013927745574403085,56
2023-08-18 00:00:00+00:00,-0.0157191830584446,0.11228259326195261,0.05491178163346381,0.06375442321694973,0.17122727370214086,8.099646142119845e-05,44
2023-08-19 00:00:00+00:00,-0.0034346255015928946,0.06423458513496269,-0.28084718376615964,-0.05122859047885865,0.0931178178205648,1.4810825764316541e-06,39
2023-08-20 00:00:00+00:00,-0.0038986991753371873,0.06493445556172096,-0.2822588695260535,-0.04629659711496262,0.09706709739063636,1.4581540059965747e-06,40
2023-08-21 00:00:00+00:00,-0.018973105522155025,0.1424437298114443,-0.1404654375950891,-0.012121070586504114,0.23667405024824384,3.20707011977135e-05,43
2023-08-22 00:00:00+00:00,-0.014283287479180477,0.12690602895814568,-0.12122300575183459,-0.015118746047207194,0.23232220924198088,6.401828617588033e-06,37
2023-08-23 00:00:00+00:00,-0.42952022190773026,0.38638787909345335,-0.24710776123579495,-0.2959284998658724,1.1927539021137095,1.5461692611207966e-05,48
2023-08-24 00:00:00+00:00,-0.012182864097803432,0.125995790934344,-0.0476090682256986,0.0016789123149833288,0.20770134540455634,1.9482343185012373e-06,38
2023-08-25 00:00:00+00:00,-0.021925761079641896,0.13154066550263743,-0.16885509858925976,-0.05181636337096812,0.25623734271555676,3.1791581403553885e-06,51
2023-08-26 00:00:00+00:00,-0.08089823256364195,0.1813115850269927,-0.12601307776258913,-0.047710283010818234,0.5088491657866366,3.5428276934105736e-06,38
2023-08-27 00:00:00+00:00,-0.019848352627438868,0.11747806691078028,-0.1376908777781186,-0.025839901248820185,0.2531113876248277,1.0581097151537622e-06,42
2023-08-28 00:00:00+00:00,-0.0642048216395995,0.15701805477954017,-0.03526181123266018,0.01970396450844094,0.47499334147672717,4.65570809869744e-06,48
2023-08-29 00:00:00+00:00,-0.9075563968506365,0.47684119912981243,-0.255057711283828,-0.537272221747848,2.0,2.22125953455227e-05,57
2023-08-30 00:00:00+00:00,-0.23326619417354272,0.3891455495847802,-0.6083572422375096,-0.6730680438266984,0.7932593563958202,8.921033702800396e-06,44
2023-08-31 00:00:00+00:00,-0.1053885496370371,0.18804794783390524,-0.23910372275434424,-0.14192396912102168,0.6354298452284278,1.2973616438120183e-05,51
2023-09-01 00:00:00+00:00,-0.06217256751610229,0.15665586209247137,-0.04903986570537977,0.011224688001692526,0.45094179581027494,4.2510823454010486e-06,45
2023-09-02 00:00:00+00:00,-0.0813370414088189,0.1668052447765513,-0.15958171037639474,-0.08109880325032828,0.5453143796476199,1.731128798337412e-06,38
2023-09-03 00:00:00+00:00,-0.0532227000786817,0.14291178967952792,-0.06887280030208906,-0.010561501762635227,0.43002280498834133,7.041672509900574e-07,32
2023-09-04 00:00:00+00:00,-0.049645242277768994,0.13956565186425288,-0.09425785143655668,-0.01122847199484485,0.4130172274111429,9.546596708506612e-07,37
2023-09-05 00:00:00+00:00,-0.05175691370908689,0.14146784463490986,-0.07835731535885863,0.005495330334910686,0.42359493586797187,1.0437019096450578e-06,44
2023-09-06 00:00:00+00:00,-0.008348489390672021,0.08542361936073631,-0.1352966954485096,0.01368341021166165,0.1831213190558445,2.813379236559539e-07,35
2023-09-07 00:00:00+00:00,-0.011818838856298149,0.09105831666099073,-0.10006919662481954,0.004490372227087145,0.2053041693741471,1.1910777114939117e-06,40
2023-09-08 00:00:00+00:00,-0.05897835233015683,0.14511129459886982,-0.09167416488682921,-0.0057502304690114706,0.4568452373872586,1.3877178296809152e-06,39
2023-09-09 00:00:00+00:00,-0.03482008487335232,0.12408534922685563,-0.12922405737661544,-0.020482523269878965,0.33093759820714364,8.710590632446903e-07,32
2023-09-10 00:00:00+00:00,-0.0005898305375627297,0.0701310984466268,-0.286598322896318,-0.03021371590831541,0.09558701422294735,8.487367288591376e-07,36
2023-09-11 00:00:00+00:00,-0.062089672095292765,0.14741344999939215,0.014440991460383953,0.05134222696024265,0.4739980245063774,5.742271371601542e-06,47
2023-09-12 00:00:00+00:00,-0.6903046232095547,0.42337341452874583,-0.1734762579605817,-0.2745562593219775,1.6734142299493049,3.8074512780230232e-06,50
2023-09-13 00:00:00+00:00,-0.9441133241560058,0.49991850674951194,-0.2267364312919204,-0.42705843294954904,1.954285663426278,1.4999114913918823e-05,43
2023-09-14 00:00:00+00:00,-0.006788898259622838,0.08303134782005216,-0.2935476789002619,-0.05417115278079991,0.1501606496633892,6.543786499273072e-07,40
2023-09-15 00:00:00+00:00,-0.23135814026513582,0.2715568263062218,-0.2166221263890894,-0.18667987402972777,0.8896206864047075,8.753239923306114e-07,39
2023-09-16 00:00:00+00:00,-0.0028086667876582425,0.06401018723987227,-0.28868303663681166,-0.03830237303385728,0.10029615745208889,6.179556218614084e-07,28
2023-09-17 00:00:00+00:00,-0.03687140559712294,0.11132584698294168,-0.03351710555152179,0.0007081696348153949,0.36762000681901913,4.899717891729815e-07,30
2023-09-18 00:00:00+00:00,-0.00828060442068191,0.07815726001023265,-0.29416677049077267,-0.05819895272245345,0.16323235924379345,1.1629163911560923e-06,44
2023-09-19 00:00:00+00:00,-0.0017142092673195141,0.05884627761860588,-0.2883888401567499,-0.04289734704195216,0.0954253576871541,7.226976051121018e-07,38
2023-09-20 00:00:00+00:00,-0.3293318317787877,0.29627358584742314,-0.11288241960568855,-0.11802632996791576,1.1318151344668579,1.6005048608003079e-06,44
2023-09-21 00:00:00+00:00,-0.003771040263370217,0.10120910815536334,-0.16549402622671008,-0.0494565816070906,0.19431525667035057,1.8782468068478396e-06,33
2023-09-22 00:00:00+00:00,-0.0048284161457471456,0.1108458106115738,-0.2428963450288492,-0.05212122139636773,0.15122669434793104,1.0727797604376539e-06,29
2023-09-23 00:00:00+00:00,0.001750327477184815,0.08892147498499663,-0.27783602035444066,-0.053525277740912265,0.09623968818756337,1.3745887927515795e-06,29
2023-09-24 00:00:00+00:00,0.0024722151149711045,0.08364275821250847,-0.2850225788829295,-0.04288913406479282,0.1011364006477356,9.231457943711051e-07,25
2023-09-25 00:00:00+00:00,-0.004054613206653033,0.09183189789573352,-0.17725675865714943,-0.033145737207658274,0.1646626555947983,5.958277298483792e-07,30
2023-09-26 00:00:00+00:00,-0.0024242499972631617,0.088716393100495,-0.17213115476311208,-0.017084863867655453,0.14836779196415156,4.558709440234746e-07,28
2023-09-27 00:00:00+00:00,0.0006949060093506492,0.08721873785905626,-0.283861832625575,-0.039334261342568656,0.09205348323477679,1.035159959612003e-06,37
2023-09-28 00:00:00+00:00,0.0009508611686507716,0.08429439700852717,-0.28074479388465806,-0.05315001056873032,0.09439972699740184,1.313629207970164e-06,39
2023-09-29 00:00:00+00:00,-0.02783603319016303,0.1298023538967804,-0.14625952382464574,-0.03760410454496263,0.2746940111462637,1.3835826725859304e-06,42
2023-09-30 00:00:00+00:00,-0.008873843097391967,0.09029900374462453,-0.2238299906822778,-0.044554320217370165,0.17554133218593648,4.778900268005974e-07,33
2023-10-01 00:00:00+00:00,-0.03672489547187571,0.13163048622436382,-0.16367482652121118,-0.07683959630835664,0.3420989339575894,1.3252366611283887e-06,37
2023-10-02 00:00:00+00:00,-0.02030537615349547,0.11187381056379013,-0.36843571849671974,-0.10949659370476661,0.2809091267082228,1.9096629141606085e-06,44
2023-10-03 00:00:00+00:00,0.00014662528087694665,0.06920068733542176,-0.2882858545545214,-0.03653051590236675,0.10201762922969589,5.670594404404197e-07,32
2023-10-04 00:00:00+00:00,-0.015841030984262584,0.09959461700692211,-0.2982942771526166,-0.07423308850944908,0.23893928319079424,5.256747883034034e-07,34
2023-10-05 00:00:00+00:00,-0.013857302189014669,0.09331389560426374,-0.3312831503792775,-0.06675259658952075,0.2326968839222359,8.892692130885011e-07,35
2023-10-06 00:00:00+00:00,-0.019416741750130185,0.10050898920018517,-0.3171361532342214,-0.09893514302883057,0.26610482647897493,1.0370120707945613e-06,35
2023-10-07 00:00:00+00:00,-0.01182732866013727,0.08699963621389672,-0.29840149886083467,-0.08280062132147643,0.21387882899923824,7.117559827751547e-07,31
2023-10-08 00:00:00+00:00,-0.001762153241875807,0.07313299540735457,-0.28414380119527294,-0.04694741998299553,0.10042395108635228,1.6176790840001793e-06,37
2023-10-09 00:00:00+00:00,-0.0009545160316045341,0.06702773888410492,-0.284837674297029,-0.04272893526050986,0.09970875743353123,9.80120444850628e-07,38
2023-10-10 00:00:00+00:00,-0.14064825457521296,0.2072511804857765,0.16411896258259548,0.1796603231095404,0.7150641795204394,1.4265796368247624e-06,35
2023-10-11 00:00:00+00:00,-0.0028549413140717197,0.07349047170929286,-0.290403839174567,-0.033871306756369735,0.09941199005974333,1.0555365815054224e-06,37
2023-10-12 00:00:00+00:00,-0.010671655207858791,0.08723233508678081,-0.2883008290277381,-0.054195797695083966,0.17734716008272128,9.389294065670513e-07,35
2023-10-13 00:00:00+00:00,-0.017603233622212004,0.09735602521018426,-0.31689837694028794,-0.07705457028086607,0.23253438440946023,5.376229987588048e-07,40
2023-10-14 00:00:00+00:00,-0.004225522303033521,0.07194093252987467,-0.28901952759298455,-0.04657967606872242,0.10150816996934084,8.960329614167695e-07,27
2023-10-15 00:00:00+00:00,-0.009274725513818634,0.0814873695120215,-0.30159716062403114,-0.06419587980965062,0.16146447277477174,3.5417841505603873e-06,31
2023-10-16 00:00:00+00:00,-0.06263679834527013,0.15950620109374125,-0.27867961957212695,-0.11928298047008493,0.43975555248501774,1.6538695125114042e-05,43
2023-10-17 00:00:00+00:00,-0.0021432774178237663,0.0652421947037052,-0.27941368975195685,-0.06319731462823482,0.0970362993880423,8.865369674470381e-07,33
2023-10-18 00:00:00+00:00,-0.0026665615986531275,0.06026889957200858,-0.2890407539288396,-0.046190319151016124,0.09784039649104531,1.520039992720503e-07,32
2023-10-19 00:00:00+00:00,-0.00280077625510917,0.058330035971481745,-0.2869796089464909,-0.051579903181698576,0.09563942741639289,4.4904285021271736e-07,34
2023-10-20 00:00:00+00:00,-0.001956381753926348,0.055643271690703766,-0.28225447795155983,-0.0579723272748532,0.09345468516244793,1.1252019050972301e-06,40
2023-10-21 00:00:00+00:00,-0.004049515373254143,0.10392162541448083,-0.21786772231838636,-0.07703850290956707,0.19322008521565692,1.666641011360815e-06,32
2023-10-22 00:00:00+00:00,-0.004586816022291168,0.11773835102121857,-0.31634548642896737,-0.12650298163868381,0.18674890419238088,3.4359954219860866e-06,31
2023-10-23 00:00:00+00:00,-0.00838875014545249,0.12261854603360986,-0.31383529330084037,-0.19268419311349416,0.28849225557320635,1.4807531437204877e-05,42
2023-10-24 00:00:00+00:00,-0.002782972518637039,0.13043360036562315,-0.3278693763347072,-0.10787900895240204,0.20765811109164478,2.4294681399712426e-05,45
2023-10-25 00:00:00+00:00,-0.02331035370029963,0.1425811419633702,-0.4805963944128901,-0.2344564166574962,0.3919699565812511,1.9033300478743513e-05,44
2023-10-26 00:00:00+00:00,-0.022948839282661435,0.1477079157126666,-0.3934231157618105,-0.1803321018351889,0.3479378588519476,3.110978060564442e-06,45
2023-10-27 00:00:00+00:00,-0.011380847007229005,0.12355363390328684,-0.36901194056929126,-0.12818623113304353,0.24393316487060956,2.5457367801175407e-06,44
2023-10-28 00:00:00+00:00,-0.009595147848098779,0.1105236186328111,-0.3913893898256296,-0.1131778988376548,0.2393310349344996,8.04534951180003e-06,37
2023-10-29 00:00:00+00:00,-0.02198253311361617,0.13981553337861796,-0.4740971672395981,-0.22835826757899425,0.3211269881105289,3.6779472470809433e-06,40
2023-10-30 00:00:00+00:00,-0.024629246883413298,0.13707877696666426,-0.4036334811773235,-0.1988746450443366,0.34092926118091754,2.0045116769890842e-06,42
2023-10-31 00:00:00+00:00,0.00701811931921728,0.08155742432887349,-0.2802530478680107,-0.07834436438444058,0.09995981807661242,1.1835831797921622e-06,36
2023-11-01 00:00:00+00:00,-0.11448214487457217,0.2093150372176441,0.03553071793804393,-0.003223731585531728,0.6320822360852122,1.785994823930107e-05,40
2023-11-02 00:00:00+00:00,0.005495650703631127,0.0920692762621907,-0.30298545744561795,-0.09500854365148823,0.1320239404637031,1.1803585351480878e-06,45
2023-11-03 00:00:00+00:00,-0.01609893222456012,0.12023276384798517,-0.132423750310904,-0.07080016704214077,0.2663658499142714,4.0386170316579915e-06,47
2023-11-04 00:00:00+00:00,-0.00864029294393748,0.11492463593396514,-0.2745284336076485,-0.11795737488835784,0.2159034839069595,7.502731487067655e-07,34
2023-11-05 00:00:00+00:00,-0.02459609330143603,0.13065026764117402,-0.23003781264802234,-0.09764646605294112,0.3109954698652392,1.973433266990803e-06,42
2023-11-06 00:00:00+00:00,0.0051945525580700605,0.07317914369533814,-0.28527106569504634,-0.06749582517264381,0.10308489655559576,8.912270516064022e-07,38
2023-11-07 00:00:00+00:00,0.0027241423897264617,0.07253335024276876,-0.2812719330342108,-0.08183334458565188,0.10026832302994607,4.340798099648951e-06,39
2023-11-08 00:00:00+00:00,-0.47252327121906207,0.3990698128521654,-0.45886347809689254,-0.714290814061828,1.3703986808294921,1.196704838450966e-05,45
2023-11-09 00:00:00+00:00,-0.0322805452638555,0.13888464208275966,-0.3754937884608284,-0.19958837572722304,0.35928835365820205,2.5319383369032977e-05,49
2023-11-10 00:00:00+00:00,-0.677692872098601,0.9705721342180275,-0.7764623122539804,-1.4263103545275424,1.1295323232258443,3.840803676783059e-05,50
2023-11-11 00:00:00+00:00,-0.012129931693134505,0.10226949099802927,-0.32229521521202215,-0.10923020202801727,0.23130806732241954,9.45085554535233e-07,39
2023-11-12 00:00:00+00:00,0.002090983306269304,0.0701457964147911,-0.2849249015114978,-0.05934963438156707,0.10331427736836186,1.8914835408062039e-06,37
2023-11-13 00:00:00+00:00,0.0008486352890282579,0.07166831526461237,-0.29081084358331566,-0.04475235891949388,0.10164783028558802,2.7830671500133142e-06,42
2023-11-14 00:00:00+00:00,-0.04907204390278052,0.1540545864240364,-0.45351234164952386,-0.20629693588510395,0.4190822648422046,2.1288630076255195e-05,41
2023-11-15 00:00:00+00:00,-0.08103399064466855,0.17761525059659164,-0.3892253800120639,-0.2966085187859112,0.544595772486997,5.735766555020361e-06,48
2023-11-16 00:00:00+00:00,-0.000938917277762191,0.07023489004415438,-0.28246695097249,-0.061916793947035365,0.09976519022932472,1.8352149587304042e-06,43
2023-11-17 00:00:00+00:00,-0.0021447700462482668,0.06491211684155636,-0.2815479174042803,-0.07164798628758014,0.10157786236128152,2.7057012931761504e-06,41
2023-11-18 00:00:00+00:00,-0.0036708265531507018,0.06747011014187983,-0.29135667183998354,-0.045766769500636725,0.10099257237322942,6.89697663118495e-06,39
2023-11-19 00:00:00+00:00,-0.14447905890563534,0.7183109953214285,-0.852919322315578,-0.713925520902255,0.39501854765638705,1.2701746328218462e-05,45
2023-11-20 00:00:00+00:00,-0.0967576894725999,0.2678865290674122,-0.4467688969228473,-0.21534863606849003,0.4104478992600914,0.00018690806485941583,54
2023-11-21 00:00:00+00:00,-0.1896462501419828,0.27513561990135615,-0.2968824423651902,-0.2782717310748011,0.8391019859464622,1.0789902587232003e-05,52
2023-11-22 00:00:00+00:00,-0.036235843187909435,0.15750162439064316,-0.13357832017442284,-0.12197164835486012,0.4090911522629528,4.1444043065590805e-06,50
2023-11-23 00:00:00+00:00,-0.42094344157043195,0.35877127668701503,-0.23020854578508843,-0.35394932177495486,1.2847111018443387,2.7030510678885512e-05,49
2023-11-24 00:00:00+00:00,-0.9019410934239095,0.47186508772379737,-0.1742215106319071,-0.37165493463324506,2.0,4.3752979413444075e-05,60
2023-11-25 00:00:00+00:00,-0.3248913101060408,0.3244604688549242,-0.2347056552023838,-0.30570965613023005,1.106346889459992,6.892910368140929e-06,43
2023-11-26 00:00:00+00:00,-1.0,0.5514497466804662,-0.320905783603927,-0.7041933263716953,1.962198824698278,1.4317687331893799e-05,48
2023-11-27 00:00:00+00:00,-0.34611713929269483,0.31925736023791895,-0.17141145793506996,-0.23327972316527648,1.1721729628352815,9.380796923993643e-06,54
2023-11-28 00:00:00+00:00,-0.43646758463237406,0.35336596576734,-0.24265700062715945,-0.35695964951416903,1.3357256265934523,1.0050417726103879e-05,54
2023-11-29 00:00:00+00:00,-0.5937402776160106,0.40330144148920166,-0.2271941762688845,-0.3900502466678891,1.5650263516124148,1.8677377075489256e-05,50
2023-11-30 00:00:00+00:00,-0.21163216455441256,0.28172315478168825,-0.2895518679826625,-0.2793574925548384,0.8534753361837373,1.0862129256104769e-05,49
2023-12-01 00:00:00+00:00,-0.6878093033173848,0.41596273442303605,-0.18987417791883407,-0.32327051335059537,1.729455494037093,1.4733346079554294e-05,54
2023-12-02 00:00:00+00:00,-0.670795978577175,0.42463221066916085,-0.22866268370028361,-0.40993251111079276,1.669017518052944,2.3507849993197996e-05,52
2023-12-03 00:00:00+00:00,-1.0,0.5204024854752669,-0.04626777682698613,-0.10251227574336799,1.9591739324426396,9.282695080225289e-06,53
2023-12-04 00:00:00+00:00,-0.8912844179429819,0.4701992987162722,-0.2364401522965075,-0.4925879634592043,1.9941851230158498,4.874383366500694e-05,61
2023-12-05 00:00:00+00:00,-0.5999716121428301,0.4023331852132672,-0.13379483195287867,-0.19001493642532,1.5496452303239492,4.326990125433739e-05,63
2023-12-06 00:00:00+00:00,-0.9164681544659563,0.4761188280258542,-0.19051766187652688,-0.36244599316230103,2.0,3.512071494451732e-05,66
2023-12-07 00:00:00+00:00,-1.0,0.5337003072788289,0.04278537965536734,0.12180832393286,1.902151102788681,6.342513370756975e-05,59
2023-12-08 00:00:00+00:00,-0.28437275448379884,0.3090773993913126,-0.28745997726903066,-0.3018154863266271,1.0098957014625878,4.336845411247787e-05,64
2023-12-09 00:00:00+00:00,-0.029853647533657553,0.1447557484462201,-0.327070810774862,-0.1252501794513214,0.3058859031492666,3.259484589085686e-06,64
2023-12-10 00:00:00+00:00,-0.09924247620960974,0.19753640181552543,-0.01650212530303263,0.0339411794445979,0.5581779480988598,4.183707956259007e-06,55
2023-12-11 00:00:00+00:00,-0.5909621696463433,0.39684640319543857,-0.15026516624004976,-0.18635817604641877,1.541631945770879,1.3007561148236115e-05,76
2023-12-12 00:00:00+00:00,-0.9181342357271666,0.4760328242747189,-0.21064299262789354,-0.3694144521278136,2.0,3.5773542710879835e-05,75
2023-12-13 00:00:00+00:00,-0.922150513360612,0.4833653196560374,-0.10690294384115943,-0.18330853737290098,1.9405123022265365,1.2873798587814092e-05,69
2023-12-14 00:00:00+00:00,-0.9248150437705088,0.48166498325667934,-0.2134487705701126,-0.40968697053800235,1.9864282336086174,9.365085429497245e-06,76
2023-12-15 00:00:00+00:00,-0.20975415967893132,0.2455885426684421,-0.22899290172423947,-0.1836960153591774,0.9132370042914548,4.187980122909189e-06,70
2023-12-16 00:00:00+00:00,-0.08326246577285118,0.17878609665788484,-0.4354419257876393,-0.265528988817637,0.5630386452508116,1.0903880122361218e-05,62
2023-12-17 00:00:00+00:00,-0.8834109631231144,0.47182897721313105,-0.32906258627691276,-0.6416877895304265,2.0,8.909937550553617e-06,57
2023-12-18 00:00:00+00:00,-0.9992507771970599,0.657215407701686,-0.6421601441578932,-1.6207705010581992,2.0,1.5801825552329822e-05,70
2023-12-19 00:00:00+00:00,-1.0,0.5994478627773461,-0.5258172515507308,-1.1894824026888655,1.976795878577868,1.0067739150888157e-05,71
2023-12-20 00:00:00+00:00,-0.45528161643366577,0.33821343840534757,-0.2723311693670772,-0.41753804605529665,1.4203184765408847,3.11360565012725e-06,73
2023-12-21 00:00:00+00:00,-0.26602831969658697,0.3371110100957427,-0.3956567158731235,-0.4345184806078899,0.9600179533940341,3.0238551580963285e-06,57
2023-12-22 00:00:00+00:00,-0.042324964303064094,0.16103261130789398,-0.21647764057655577,-0.11107470959393631,0.4529243109434723,2.4510790558877215e-06,52
2023-12-23 00:00:00+00:00,-0.12843830350906013,0.23481238407722524,-0.31476896013801436,-0.23874821963662793,0.7009607998351037,1.1541275101210443e-06,50
2023-12-24 00:00:00+00:00,-0.037971795405005684,0.1503936584134988,-0.24927954396866814,-0.1052200846133725,0.4461878667535314,3.099665595991631e-06,53
2023-12-25 00:00:00+00:00,-0.0316516706689175,0.1453560729278481,-0.15576482894528831,-0.05780693363738601,0.4045621306186548,1.5332005854825698e-06,45
2023-12-26 00:00:00+00:00,-0.022576359007215586,0.14684578862339004,-0.4352283683966508,-0.21754442517353778,0.3756950491094675,7.031140582251183e-06,53
2023-12-27 00:00:00+00:00,-0.10299858237092989,0.18977913149310732,-0.2768640868846839,-0.20624885672955182,0.7310165886938708,4.800471456917244e-06,53
2023-12-28 00:00:00+00:00,-0.04070576537636828,0.15927188077805335,-0.405064594517808,-0.2300943560050873,0.4890513119775891,7.930842258949655e-06,50
2023-12-29 00:00:00+00:00,-0.09336484086873913,0.17956184292202246,0.11622261070950878,0.15501287005076506,0.6895764668870903,3.930760784062546e-05,56
2023-12-30 00:00:00+00:00,-0.05394235681751219,0.15529503751838847,-0.06273961895369552,0.0025130234913744026,0.5273485506910058,8.816646838508164e-06,44
2023-12-31 00:00:00+00:00,-0.04557805556251056,0.14799214084921591,-0.2402266384671027,-0.10769723428594842,0.513103808663033,2.3386110194619343e-06,52
2024-01-01 00:00:00+00:00,-0.07357603580559234,0.15915915748566897,-0.2196300816756367,-0.17565376027738078,0.6614716204135116,1.625422507049013e-06,55
2024-01-02 00:00:00+00:00,-0.00520628922980082,0.10685352757672405,-0.21177628980305652,-0.07060878157320102,0.30559328541396635,2.545417563558244e-06,58
2024-01-03 00:00:00+00:00,-0.032639289114505164,0.13891871179403448,-0.02505905361490368,0.005724899431224426,0.41260753556172924,4.494397956905536e-05,64
2024-01-04 00:00:00+00:00,-0.05400379906425116,0.14643677246119577,0.00895399679853119,-0.002785305199656922,0.5415836834844546,2.3145106508967816e-06,51
2024-01-05 00:00:00+00:00,-0.05670366260256821,0.15512024460604407,-0.10864037197292797,-0.06946428396266655,0.530781375398195,1.2934972018357324e-05,52
2024-01-06 00:00:00+00:00,-0.1901017699186916,0.2504303428217038,-0.02986725424770771,-0.014392645281973178,0.868138319231054,6.4392158879422876e-06,47
2024-01-07 00:00:00+00:00,-0.08479699181236983,0.19021152316254472,-0.28584653309880753,-0.1897411181506887,0.6279978128763142,2.28905685625247e-06,53
2024-01-08 00:00:00+00:00,-0.3301938539892543,0.29668259731227326,0.06003767671405247,0.10857070164059095,1.2060076497501595,2.021469191675412e-05,64
2024-01-09 00:00:00+00:00,-0.3985819026972627,0.3286700562715443,0.007388766628549976,0.06572977065943954,1.2768477871418784,1.5122978569621062e-05,60
2024-01-10 00:00:00+00:00,-0.29866976782274657,0.29031237897637807,-0.004542023002248594,0.027580781311004072,1.0885827032099678,2.1721578873347373e-05,66
2024-01-11 00:00:00+00:00,-0.8421101419931549,0.43416664442983116,-0.05746965651318781,-0.0682961918826094,1.982090191209239,1.163847554309912e-05,65
2024-01-12 00:00:00+00:00,-0.4839232413311545,0.3471715687400658,-0.2739549098672683,-0.34739351419662423,1.4873206968332326,1.0656811808043092e-05,61
2024-01-13 00:00:00+00:00,-0.029850137815259623,0.11384129816524138,-0.10784670870027933,0.0006706764538771371,0.351798875574247,3.78809672590029e-06,53
2024-01-14 00:00:00+00:00,-0.10960719357587444,0.17115959650703877,-0.14652813030180156,-0.03531763050073756,0.7141235333509087,1.975402788090825e-05,49
2024-01-15 00:00:00+00:00,-0.035909419865586156,0.12161200429388012,-0.3659496574368628,-0.15041051498097888,0.40409771194906463,3.977149183837549e-06,49
2024-01-16 00:00:00+00:00,-0.04103611485774407,0.12971568927437258,-0.38649272995899847,-0.18443074555490052,0.41200597044968806,1.7883501549441547e-06,50
2024-01-17 00:00:00+00:00,-0.06462709625129458,0.14902668356261722,-0.44602050311085867,-0.2705358108264674,0.5352393689644298,1.8491059850418816e-06,48
2024-01-18 00:00:00+00:00,-0.02596350100647662,0.0959869679480864,-0.2817809752525117,-0.07651723577859204,0.33526032833413655,1.0859496702645363e-06,46
2024-01-19 00:00:00+00:00,-0.061933591376107766,0.14142778379874402,-0.4018736508499859,-0.22523826556313295,0.5143811277341905,1.3526754477478254e-06,46
2024-01-20 00:00:00+00:00,-0.11051693965874511,0.1773474025228105,0.19332880086032184,0.15843401834716425,0.6538706223676091,3.262729078493197e-07,37
2024-01-21 00:00:00+00:00,-0.014261499676242104,0.11027073188403812,-0.3202785114805813,-0.0805757771529981,0.3084472646667851,1.1688030582009514e-06,40
2024-01-22 00:00:00+00:00,-0.04370627063664637,0.13294807513938234,-0.15917088841986302,-0.0061354497167390954,0.4730682883226457,1.3920731251563189e-06,52
2024-01-23 00:00:00+00:00,-0.11487752878787291,0.19122462109412486,-0.2279237538727312,-0.1292180651843207,0.7229415522935287,4.2642589968503574e-06,66
2024-01-24 00:00:00+00:00,-0.03531090297721957,0.12850764001375453,-0.10785733344238355,0.0030172583069595933,0.41056368745057187,2.029456627809144e-06,48
2024-01-25 00:00:00+00:00,-0.038902568204194334,0.15077688018910052,-0.4508313502595778,-0.21919280151489234,0.40371412064103646,4.100271961482863e-06,51
2024-01-26 00:00:00+00:00,-0.022685086565771038,0.10914947710936308,-0.12938574948546372,-0.04312268932889288,0.33216711975849844,3.101689416496183e-06,56
2024-01-27 00:00:00+00:00,-0.08515379707303135,0.18323819674155065,-0.3017093810275517,-0.18347432331714475,0.5560416667180665,8.324850532546047e-07,46
2024-01-28 00:00:00+00:00,-0.12192811760583634,0.20236005300811713,-0.28942238479577065,-0.19814502987911314,0.6960097209283626,1.9561426564246747e-06,49
2024-01-29 00:00:00+00:00,-0.10263317502408552,0.19463289833682323,-0.3087494304238676,-0.233147119831311,0.6223171173971556,6.051041601288478e-07,47
2024-01-30 00:00:00+00:00,-0.06870944000635469,0.15016263312848654,-0.20091411854686594,-0.11925912427742777,0.5533056905654316,8.814247993048843e-07,46
2024-01-31 00:00:00+00:00,-0.012083640258457864,0.09410918286390382,-0.21697658136868736,-0.07180876024608854,0.2573939571905321,1.0818867199644802e-06,51
2024-02-01 00:00:00+00:00,-0.008029410869983355,0.08080500759825508,-0.17506617468163216,-0.06563877266607332,0.2292160914110929,1.0132273369673908e-06,46
2024-02-02 00:00:00+00:00,0.0011971865350072853,0.07079999018846896,-0.2726902039044407,-0.07574064614101535,0.09755771364284413,2.5738481507572934e-06,45
2024-02-03 00:00:00+00:00,-0.023684425904977702,0.10150206316227198,-0.1705077828435195,-0.053765796120585706,0.31667841293724436,8.608291625802054e-07,41
2024-02-04 00:00:00+00:00,-0.1477495559919698,0.22953887246386098,-0.536541126777483,-0.5177511805605931,0.8096861055108967,2.4125514513376288e-06,36
2024-02-05 00:00:00+00:00,-0.2404984400758791,0.262798419107879,-0.34623220743501865,-0.36616459892043407,1.0099603005453681,2.1804692679435953e-06,48
2024-02-06 00:00:00+00:00,-0.2755461328750788,0.28603923210742666,-0.39847608818506414,-0.4833579452439403,1.0792603507717422,2.015649225099867e-06,51
2024-02-07 00:00:00+00:00,-0.3468110107933877,0.31255107166245943,-0.38890202066292745,-0.5620270306305317,1.22906838831897,1.6292145442980978e-06,48
2024-02-08 00:00:00+00:00,-0.1109779286785278,0.20420273355768323,-0.527192277241145,-0.45591734433432,0.6843145367464923,1.773273961535567e-06,49
2024-02-09 00:00:00+00:00,-0.11968138141289728,0.21028711213816684,-0.5185836175693871,-0.4718871905287232,0.7124290115669735,2.7371734625309464e-06,54
2024-02-10 00:00:00+00:00,-0.10616718786089713,0.20719645815200652,-0.49571693513236137,-0.3901449658675332,0.6303899450964695,1.6959945985031143e-06,43
2024-02-11 00:00:00+00:00,-0.037211170448967906,0.1192369850721791,-0.41240805209383347,-0.22133739213466364,0.4159735973253261,1.5243320088142166e-06,47
2024-02-12 00:00:00+00:00,-0.11131583337107342,0.20809690864501068,-0.5412512292479965,-0.4948305589844097,0.6834095079921796,2.6141003999938364e-06,54
2024-02-13 00:00:00+00:00,-0.09643373609148073,0.19837540534600706,-0.5025946739747928,-0.3721284009876866,0.6038547474528156,2.018959673867537e-06,47
2024-02-14 00:00:00+00:00,-0.10545578362052216,0.20508976126606482,-0.5169578037190851,-0.4490042443691211,0.6475898935507524,6.0012002502946405e-06,59
2024-02-15 00:00:00+00:00,-0.03455454707242636,0.1135092553875328,-0.26620837260045765,-0.10881332615692674,0.37046240277536696,2.746179833855737e-06,57
2024-02-16 00:00:00+00:00,-0.13124035882752969,0.22160612508038985,-0.5233556647663121,-0.44818690886876644,0.724578376205054,1.951885794507458e-06,46
2024-02-17 00:00:00+00:00,-0.0008775805637599464,0.047882893175006075,-0.28993054526293544,-0.05080803856134644,0.10569003413906002,6.633159993531455e-07,50
2024-02-18 00:00:00+00:00,-0.18315492414471335,0.25905321665669206,-0.4954779434463604,-0.4867781510398355,0.8341057357180797,1.4153776013703198e-06,48
2024-02-19 00:00:00+00:00,-0.07835455802698386,0.1702889698709945,-0.4673207909087279,-0.27935582486074895,0.5455757804923471,4.348556869761579e-06,53
2024-02-20 00:00:00+00:00,-0.16947195861875516,0.23836083306794578,-0.4936945717882196,-0.449193524820724,0.833131130052206,4.483905144022607e-06,53
2024-02-21 00:00:00+00:00,-0.09396189978619483,0.17462093842981644,-0.16718976700007393,-0.1332674230310615,0.709803299307989,2.3619274193737883e-06,59
2024-02-22 00:00:00+00:00,-0.2282367400954404,0.244589502179393,-0.22108740077123823,-0.26143571662071724,1.0757409026931382,6.63295162177699e-06,62
2024-02-23 00:00:00+00:00,-0.10882430118398198,0.18668672208079032,-0.07780764523977485,-0.037632867692543995,0.7184905599220774,3.4196333222701525e-06,60
2024-02-24 00:00:00+00:00,-0.040258439705684906,0.1353182911445486,-0.1527823818150767,-0.09512603435701546,0.4938043980699732,4.277925060997964e-06,52
2024-02-25 00:00:00+00:00,-0.0586654877971816,0.1529586088203169,-0.12627431588008078,-0.08102633896505011,0.555469394400558,2.460404591970441e-06,51
2024-02-26 00:00:00+00:00,-0.7655486889370835,0.42131928451403255,-0.3071608821601019,-0.6672661764803393,1.9769963660768142,2.378772413008534e-05,71
2024-02-27 00:00:00+00:00,-0.08502244758567482,0.20713817508827245,-0.5207815542023387,-0.44022101297426525,0.646690493862053,5.594529840443064e-05,85
2024-02-28 00:00:00+00:00,-0.0563680586895854,0.15610781655769515,-0.2925550299853244,-0.2847274332758394,0.6028914857433112,5.666727529227483e-05,90
2024-02-29 00:00:00+00:00,-0.06185660047690057,0.17884091062452903,-0.25600194737764564,-0.17070640138960608,0.5508212498415549,1.4895949034262511e-05,82
2024-03-01 00:00:00+00:00,-0.03402114505030783,0.16174076110052238,-0.4643179366283429,-0.35072288763917586,0.4634344915678722,8.957558132151992e-05,76
2024-03-02 00:00:00+00:00,-0.027189300364372018,0.1504347149153264,-0.41330206857767054,-0.27708157844672865,0.40788120097456637,2.0211967457128532e-05,58
2024-03-03 00:00:00+00:00,-0.010823385416520925,0.12775199431089238,-0.4282811085956814,-0.30890311926305597,0.36680492322879726,6.865644610033704e-06,61
2024-03-04 00:00:00+00:00,-0.061447275907436774,0.17563135571075675,-0.4279412645183233,-0.4136299105096057,0.6247953265090983,5.9127294302173463e-05,78
2024-03-05 00:00:00+00:00,0.010952972827424782,0.10399126582734508,-0.3562375702156089,-0.13860831877608096,0.23836682510430066,4.0473042398815446e-05,83
2024-03-06 00:00:00+00:00,0.001189911198165695,0.12111468972194964,-0.3775116190378507,-0.19994114887022055,0.2849928169722588,3.2321697825594304e-05,82
2024-03-07 00:00:00+00:00,0.007974769735655293,0.10196211544940985,-0.3233938133828466,-0.13668202757127454,0.21104629428419208,1.0527978744350961e-05,73
2024-03-08 00:00:00+00:00,-0.1417876462028051,0.2746560551482007,-0.592598615444099,-0.6162050321062718,0.7704027770801143,2.4987449675778513e-05,69
2024-03-09 00:00:00+00:00,-0.005735426630416514,0.11743145241589893,-0.34521557112702916,-0.18923544609466175,0.29637745229224083,1.3318747381442989e-05,68
2024-03-10 00:00:00+00:00,-0.0014983921697654771,0.10500729454061719,-0.34397936933494205,-0.1918789568854545,0.33270404807662995,2.565546144881148e-05,74
2024-03-11 00:00:00+00:00,-0.021282298054757863,0.1330024164862068,-0.38411754468043746,-0.23781543617276787,0.44427510448068375,3.862020080315391e-05,95
2024-03-12 00:00:00+00:00,0.0025112018267724073,0.10490272307565401,-0.3340513354688579,-0.10603011444522227,0.23994238238716545,5.8275623865592345e-05,84
2024-03-13 00:00:00+00:00,-0.7550751592355208,0.7391781685537441,-0.761958130056359,-1.8311080393720234,1.633469874193314,5.980519150994894e-05,83
2024-03-14 00:00:00+00:00,-0.6772953372195788,0.3762289081864978,-0.27774711398600926,-0.49387636809903096,1.934709852057253,1.431264774110184e-05,82
2024-03-15 00:00:00+00:00,-0.6477162644190196,0.46113298640392975,-0.6276665637427432,-1.354190611049846,1.8679957044221895,5.0015955390326606e-05,108
2024-03-16 00:00:00+00:00,0.009449759382651348,0.08302664865645,-0.29564873078596215,-0.024441718328799097,0.10570573754060017,1.614555944347767e-05,72
2024-03-17 00:00:00+00:00,0.009387812113550482,0.07188069239989187,-0.28054072512544,-0.0733576161430582,0.11124102560863051,6.884981054880571e-06,69
2024-03-18 00:00:00+00:00,-0.03174299327887163,0.1144007533908775,-0.2156052934567581,-0.09655875214434358,0.43032746750490647,1.3831398335342664e-05,72
2024-03-19 00:00:00+00:00,-0.008284207648832429,0.08857927063483179,-0.25297743675653755,-0.030697599182038727,0.25831676932874414,8.333102026518588e-06,87
2024-03-20 00:00:00+00:00,-0.055652925378651685,0.13081043127508138,0.033058742805403406,0.016723044352699105,0.5284384246881417,9.968598803130363e-06,77
2024-03-21 00:00:00+00:00,-0.09413508728787517,0.1966696801194782,-0.15986283031154006,-0.12426255653493987,0.7757500871097569,3.709500764855627e-06,73
2024-03-22 00:00:00+00:00,-0.15886141111916857,0.23045533599395404,-0.23451110291909447,-0.24146557664228244,0.9418991022306981,4.606883881327469e-06,79
2024-03-23 00:00:00+00:00,-0.024201759458247686,0.15581059670150477,-0.4826744113660268,-0.35497955816057997,0.5393033834257424,2.1903756644801017e-06,62
2024-03-24 00:00:00+00:00,-0.08242260888881003,0.18391628083019812,-0.2944680951031693,-0.30470662015253286,0.7375561733901657,6.073861974283544e-06,69
2024-03-25 00:00:00+00:00,-0.007193569591884813,0.14046774488555047,-0.4673505812632387,-0.3548966777256525,0.44598089728897583,1.5066671032192932e-05,84
2024-03-26 00:00:00+00:00,0.01104061894677444,0.10300922399814035,-0.3733089790956015,-0.21298125022025122,0.38634065629018405,3.929871898818336e-06,74
2024-03-27 00:00:00+00:00,-0.011575569432314492,0.12728544561546795,-0.43259099006226603,-0.27658821834606434,0.5005275424408443,3.939676338428132e-06,78
2024-03-28 00:00:00+00:00,-0.005111827793684787,0.11575830004060418,-0.3674888780306993,-0.19882392333294538,0.4628607747137227,4.3312768999702446e-06,67
2024-03-29 00:00:00+00:00,-0.04282367827440224,0.13536270720972704,-0.10614072279064204,-0.020677620937282246,0.617759752428924,2.4475912832318087e-06,85
2024-03-30 00:00:00+00:00,-0.04486874293279214,0.1545167932931825,-0.5199295689008829,-0.41429705784479737,0.6314691984138007,1.0748467667498915e-05,75
2024-03-31 00:00:00+00:00,-0.047202950644385275,0.14634607685719445,-0.468451265392986,-0.43566877154885336,0.6751699972048729,2.953749503182194e-06,67
2024-04-01 00:00:00+00:00,-0.018769525760514848,0.11986813823903114,-0.39899794591291615,-0.27033425828635615,0.5102309137160008,4.064621541474884e-06,70
2024-04-02 00:00:00+00:00,-0.07837819812368547,0.17979941951311687,-0.48876350205598307,-0.44350797264960873,0.7241084104107097,3.877593615192331e-06,86
2024-04-03 00:00:00+00:00,-0.05521528486393233,0.15962081468757702,-0.492718379597493,-0.38628971293590836,0.6308524619925435,2.461482124680078e-06,83
2024-04-04 00:00:00+00:00,-0.015473695788442616,0.10657935750928627,-0.32270291326995176,-0.18299189772834437,0.43536828386379056,5.317647062556796e-06,76
2024-04-05 00:00:00+00:00,-0.035000864648307775,0.12838388761952377,-0.3584362562925975,-0.21285221365104026,0.5266182074608436,1.835543488927799e-06,77
2024-04-06 00:00:00+00:00,-0.5420305299858017,0.3798717710428806,-0.44241861897705803,-0.8216580945123116,1.6699547117793223,5.712780678038345e-06,72
2024-04-07 00:00:00+00:00,-0.05515761399336704,0.14236374984635009,-0.19501664313862557,-0.1507301482024655,0.59739160959276,4.278314491335538e-06,74
2024-04-08 00:00:00+00:00,-0.07515981504270544,0.16701107609473168,-0.5055860068961341,-0.48082121140505635,0.7371537915518934,1.2803401242031893e-05,86
2024-04-09 00:00:00+00:00,0.01709352622918312,0.061041810649345184,-0.27996641857971527,-0.06701975509846894,0.10879857647689212,4.2772732293360365e-06,74
2024-04-10 00:00:00+00:00,-1.0,1.970267860712065,-0.8707460582093449,-1.85235192456129,1.054807899014798,0.0007377697105219129,99
2024-04-11 00:00:00+00:00,-0.006472688444589981,0.08704480917052246,-0.35731218237091866,-0.11135099782687526,0.3072316103150131,1.7668750171796136e-06,70
2024-04-12 00:00:00+00:00,-0.01048658735364995,0.09112815452829101,-0.18826264316441707,-0.029495610821127973,0.2943234145126707,5.388287390422032e-06,81
2024-04-13 00:00:00+00:00,-0.30187838987839344,0.2695337194697794,-0.18774804223877206,-0.20797396167710538,1.2122303827001715,1.4102608546914139e-05,89
2024-04-14 00:00:00+00:00,-0.05899043694161759,0.13972919450149543,-0.04127912805909289,-0.013308287927147448,0.5600321305832954,1.0829192558603973e-05,84
2024-04-15 00:00:00+00:00,-0.0266006739569361,0.11279700564930364,-0.30993223325465963,-0.0953792972134204,0.394269805437728,5.253388635790713e-06,79
2024-04-16 00:00:00+00:00,0.0045762679173491465,0.07941281623397575,-0.2872611427358637,-0.04039170407397246,0.10878036066148511,2.8936452966708456e-05,84
2024-04-17 00:00:00+00:00,-0.10610436361749355,0.17355691483731567,-0.08823262753332738,-0.010265043216105316,0.6886051463045236,5.652994529606791e-06,85
2024-04-18 00:00:00+00:00,-0.05390443149054105,0.14258648556108147,0.011636803421917283,0.03752645009254231,0.45262512857411474,1.3821479143740469e-05,77
2024-04-19 00:00:00+00:00,-0.6918640945563249,0.522749847559588,-0.5345424138177188,-1.0232514321200779,1.5917097515272176,1.0206796693605352e-05,78
2024-04-20 00:00:00+00:00,-0.013824038717518123,0.08247313535261475,-0.24843655318785082,-0.076118296800444,0.2775880479191589,2.772989210367373e-06,65
2024-04-21 00:00:00+00:00,-0.05131347772684241,0.15951242386107373,-0.295956616399941,-0.2175486064302486,0.6931958222262796,8.439213171058424e-07,70
2024-04-22 00:00:00+00:00,-0.11444979993390127,0.20356468070171777,-0.29430268387437347,-0.2853692628746037,0.8510850794793554,2.500321222582112e-06,75
2024-04-23 00:00:00+00:00,-0.1377731986778258,0.19927272487944317,-0.09055884681671496,-0.03832370588644493,0.922752947507933,4.86826756456662e-06,87
2024-04-24 00:00:00+00:00,-0.02851771138934247,0.14256435638495896,-0.3551967654024126,-0.15895441680607839,0.5126953002739195,5.768761386303258e-06,77
2024-04-25 00:00:00+00:00,-0.04445024792111801,0.14338897282250934,-0.14289530023611882,-0.036966148538352464,0.5444718970324465,2.5358232921432186e-06,84
2024-04-26 00:00:00+00:00,-0.11566455867557968,0.19392532644921728,-0.0856496666232306,-0.03046688343585684,0.7450354661112992,5.116399865143011e-06,89
2024-04-27 00:00:00+00:00,-0.15827856508704646,0.2221452117009429,-0.17882141319035305,-0.14322153880950717,0.8489883287712024,6.069274632524594e-06,72
2024-04-28 00:00:00+00:00,-0.07140207963920187,0.1663332450045767,-0.23019408477809952,-0.14011676544569335,0.6025096447202957,2.65004848804738e-06,68
2024-04-29 00:00:00+00:00,-0.07654219460966216,0.16568883577379592,-0.1299464886682472,-0.0931152756714474,0.6199194370489729,1.2348617132688694e-06,68
2024-04-30 00:00:00+00:00,-0.19181064280652285,0.23852836380468723,-0.04037073469081749,0.02266558329279164,0.9212640758250371,1.0307582467581659e-05,75
2024-05-01 00:00:00+00:00,-0.08191017348722537,0.19021164969477053,-0.0747790244456366,-0.02166716744016756,0.5814052710196235,6.157566021019813e-06,84
2024-05-02 00:00:00+00:00,-0.16221995100738043,0.24889661214430409,-0.12423573038034043,-0.08839424681058436,0.754268251761076,5.27654325773352e-06,77
2024-05-03 00:00:00+00:00,-0.07017965422998033,0.16845154957942565,-0.21001333386689747,-0.16370867449244966,0.5606031749538908,3.2083559914284485e-06,78
2024-05-04 00:00:00+00:00,-0.12383977498707853,0.19216972233501067,-0.20452281589255492,-0.18347712027105026,0.7790884993295667,2.8123038999120546e-06,67
2024-05-05 00:00:00+00:00,-0.06900595054085687,0.15159161078372704,-0.004408606501795418,0.002919335127710594,0.5994764367606316,1.11530125148871e-06,64
2024-05-06 00:00:00+00:00,-0.031829230242993195,0.1276182136737975,-0.22920925022598126,-0.09405081142432965,0.4263701738661616,1.63032045894021e-06,67
2024-05-07 00:00:00+00:00,-0.022317449326281002,0.11352785196647028,-0.15056231903469133,-0.03253145853076144,0.3549333253157314,1.182475884209959e-06,69
2024-05-08 00:00:00+00:00,-0.0746272818916503,0.15497256557148117,-0.08003347123400543,-0.006505354105946163,0.5834203565231727,3.316879895032195e-06,67
2024-05-09 00:00:00+00:00,-0.04376361034431478,0.1365584433732684,-0.16780374374481985,-0.09299272609405977,0.4362507431739879,7.816567512066752e-06,71
2024-05-10 00:00:00+00:00,-0.036938013823346647,0.11905744453369563,-0.08586625638162018,-0.003280214382776565,0.43030312122661757,1.6907739315014075e-06,75
2024-05-11 00:00:00+00:00,0.004965178320040747,0.07076176382832176,-0.2777497242320575,-0.05216960906502378,0.10669142055039774,4.915971437088893e-06,62
2024-05-12 00:00:00+00:00,0.006524120114894464,0.06272086080792674,-0.27969173002634234,-0.05797011395378707,0.10426058066056546,2.6852671991196244e-06,59
2024-05-13 00:00:00+00:00,-0.01415996507189603,0.09170126267542164,-0.3128137431181597,-0.1255737211121638,0.32107730837210363,1.2696474915523624e-06,69
2024-05-14 00:00:00+00:00,-0.01714273806924113,0.09392191680132843,-0.2432582824922048,-0.06210725407241993,0.32606830216204447,7.40212775458857e-07,70
2024-05-15 00:00:00+00:00,0.004846698697377196,0.0692547622907011,-0.26929998200070426,-0.07524736419752084,0.09885056053162879,5.0928661568187535e-06,77
2024-05-16 00:00:00+00:00,-0.008185649407886266,0.08792850536486461,-0.1783669839634477,-0.03210095339788033,0.22461664716291252,1.2356610670833036e-06,74
2024-05-17 00:00:00+00:00,0.0024899383634629214,0.06617675448275777,-0.2762072723879595,-0.06892877966724832,0.09727364404358753,1.4117394405897409e-06,70
2024-05-18 00:00:00+00:00,-0.012560031398746115,0.08928000289004853,-0.3115867319812402,-0.10057187217197514,0.25287511674441443,9.977344043071516e-07,59
2024-05-19 00:00:00+00:00,0.001237751521077443,0.0622819888394856,-0.2874405644600715,-0.045568061144790506,0.10167466942065931,8.038864797065333e-07,65
2024-05-20 00:00:00+00:00,0.0012391839057132753,0.06286654208942875,-0.27046104225225437,-0.10403558973505726,0.0987235432073649,2.553586969666442e-06,73
2024-05-21 00:00:00+00:00,-0.05145176504096275,0.15476195208311083,-0.2580427938589623,-0.1794354330108275,0.5906842553935151,1.1631198503138515e-05,75
2024-05-22 00:00:00+00:00,-0.10110959135677575,0.17851924248681553,-0.2880224836880649,-0.2316786675616737,0.7789368877467685,8.363723451954084e-06,61
2024-05-23 00:00:00+00:00,-0.04027732988732854,0.14149153135846618,-0.26298986747974207,-0.16841426950762492,0.5144711695580612,3.67995526574806e-05,64
2024-05-24 00:00:00+00:00,-0.15650259503304187,0.21532889976393835,-0.3054281835000354,-0.3047052532915139,0.8867671387993616,1.1594795514927984e-05,67
2024-05-25 00:00:00+00:00,-0.06387219692331066,0.14454888403714092,-0.17637952044354915,-0.10360323040358091,0.6182448826094841,4.616360823055317e-06,53
2024-05-26 00:00:00+00:00,-0.0038691137340353776,0.09826974631633166,-0.42353258847398095,-0.20731692457769713,0.320047712442644,2.9138021339763172e-05,60
2024-05-27 00:00:00+00:00,-0.03727017626643142,0.14126988571971566,-0.45120179414197203,-0.28362246877847347,0.489493574811009,1.279218899894926e-05,54
2024-05-28 00:00:00+00:00,-0.026767615379076043,0.12712620000805322,-0.4383669495576274,-0.24974806103716174,0.4518841141374754,8.318203989811402e-06,64
2024-05-29 00:00:00+00:00,-0.23805793582180512,0.24628920184068942,0.13071658499232736,0.20085565940159006,1.0612369929477636,3.1834387080584674e-05,63
2024-05-30 00:00:00+00:00,-0.2714721287178422,0.24962531969995594,-0.05373234213123025,-0.034963842018755284,1.1697715155506365,7.248479459927875e-06,61
2024-05-31 00:00:00+00:00,-0.07313178352010345,0.15241524157078407,-0.12373229550767004,-0.03302971119097814,0.6021994243220916,8.415989047579892e-06,72
2024-06-01 00:00:00+00:00,-0.013074092406601501,0.10075390247843766,-0.38639059483215693,-0.1589001743679865,0.32688875544362894,2.584040017949994e-06,49
2024-06-02 00:00:00+00:00,-0.050744807033172266,0.15203486209106357,-0.497875987528899,-0.3238981263752869,0.5177846456796109,8.012611001951629e-06,54
2024-06-03 00:00:00+00:00,-0.0684835019795631,0.2951077011491733,-0.759282468930883,-0.6009320187788647,0.45398915098528475,0.00039179831782511725,67
2024-06-04 00:00:00+00:00,-0.5467319927702585,0.3800128704534089,-0.4396061231545113,-0.804372713269001,1.6551769540507069,1.3836526871117338e-05,82
2024-06-05 00:00:00+00:00,-0.09263915321342762,0.21099587553332266,-0.6136641459649551,-0.5446875918809437,0.6708232480203293,4.7561374667839445e-05,72
2024-06-06 00:00:00+00:00,-0.01914278001112973,0.1004540578207733,-0.4267920761994284,-0.1940442046175659,0.3794042280843528,3.872406400258906e-06,55
2024-06-07 00:00:00+00:00,-0.13094338044203976,0.18463936206315965,-0.21867818181608623,-0.15872854891526733,0.7982017109081025,4.236296451314129e-05,68
2024-06-08 00:00:00+00:00,0.005412233495317658,0.05490463416186446,-0.2718857382527936,-0.07197897633928482,0.10024652751534466,5.715697228768327e-06,48
2024-06-09 00:00:00+00:00,0.004338608901272137,0.05761967254094054,-0.2764256550533443,-0.07954928342245585,0.10939392401853151,4.171320304088165e-06,42
2024-06-10 00:00:00+00:00,-0.0786908377268112,0.1613881036512852,-0.5062588120764481,-0.39515481008895453,0.6550546519253961,7.374826784699318e-06,47
2024-06-11 00:00:00+00:00,-0.028152565971316164,0.09958410409329217,-0.2956634534017638,-0.1419865519343022,0.4180719043158038,2.842392066271115e-06,54
2024-06-12 00:00:00+00:00,0.003608593940893247,0.05682154365510865,-0.2786997832442324,-0.06258305632627473,0.09925080689985859,5.118332396458037e-06,50
2024-06-13 00:00:00+00:00,0.0009770467145986867,0.06202379327668396,-0.27848029222979404,-0.06137913648345784,0.10179016283428359,2.4146908518980035e-06,46
2024-06-14 00:00:00+00:00,-0.024434474989646383,0.10964528040151847,-0.3492554738764086,-0.12696751563979394,0.3098950993438534,1.340429125128754e-05,57
2024-06-15 00:00:00+00:00,-0.37567003857185427,0.2922525594012503,-0.13344066811863875,-0.17017503353588914,1.32163615249244,1.3980826473094754e-06,45
2024-06-16 00:00:00+00:00,-0.0006441994016043984,0.059876093831050546,-0.26755903004401865,-0.08108593193203424,0.09851992304158554,3.806951425087199e-06,39
2024-06-17 00:00:00+00:00,-0.053536476320224395,0.13578924337669862,-0.2667440689300149,-0.1596856287200913,0.45609016506591693,3.1826718132011053e-06,57
2024-06-18 00:00:00+00:00,-0.05313263136896392,0.12704183171999267,-0.29598912503096036,-0.15662451375925598,0.4893942543969413,3.6668302284319764e-06,61
2024-06-19 00:00:00+00:00,-0.4765762257572321,0.3553859746046864,0.07713030643912158,0.12628234051036216,1.356712861508539,4.92260116029953e-06,59
2024-06-20 00:00:00+00:00,-0.1392846151091565,0.18784600836469062,-0.07053785928116008,-0.03853266406578446,0.7670696486911606,3.164083626156005e-06,57
2024-06-21 00:00:00+00:00,-0.13848319217011432,0.2053029199896402,0.015732995942340913,0.022751761646709525,0.7751156270174177,2.003919021796244e-06,62
2024-06-22 00:00:00+00:00,-0.11007012829536833,0.18978705748281544,-0.07189791280500916,-0.0328070411390387,0.6831121588720189,9.147198141491792e-07,52
2024-06-23 00:00:00+00:00,-0.13257016907013153,0.18554953074262454,0.0653196877226628,0.09181583554317203,0.8195278615099107,5.786619367781542e-07,51
2024-06-24 00:00:00+00:00,-0.10365341184548199,0.1866353457472168,-0.3686875405861422,-0.2811716599536189,0.7220246067403171,7.184884552479657e-06,73
2024-06-25 00:00:00+00:00,-0.009733460088113955,0.10598573387749259,-0.3284601599443487,-0.120909822470808,0.2811791489504066,5.398014162387734e-06,62
2024-06-26 00:00:00+00:00,-0.06355534823037305,0.14581693220709246,-0.1734438892991423,-0.07875806973873907,0.5614187998119987,9.178256461543281e-07,60
2024-06-27 00:00:00+00:00,-0.09995006881582087,0.1515929440588625,0.013470126276971167,0.024607342981025144,0.7707060836803867,4.816546306601221e-07,61
2024-06-28 00:00:00+00:00,-0.025483549919138183,0.10557380718627056,-0.265762897075347,-0.07875586396328388,0.3893667773679918,3.258932911990689e-06,69
2024-06-29 00:00:00+00:00,-0.03542815315859469,0.12496958963021267,-0.3366410790440916,-0.13310573898201883,0.40908136408517104,1.4136307023780972e-06,58
2024-06-30 00:00:00+00:00,-0.02594555510489282,0.11027747249488305,-0.3946048439039877,-0.16534254000853424,0.37776183138890984,1.3656371218599944e-06,61
2024-07-01 00:00:00+00:00,-0.033692545740463285,0.11372136306648305,-0.43514009493920275,-0.17265485973826555,0.4507559181727019,1.2149845645762546e-06,55
2024-07-02 00:00:00+00:00,-0.06691578817090793,0.15334631443212882,-0.31625487150986037,-0.1631845893238238,0.5302136075766268,1.1533967109324558e-06,56
2024-07-03 00:00:00+00:00,-0.1287608619348933,0.19422856857202817,-0.23964985766255353,-0.1513641867707986,0.738159365946577,1.4415981343627254e-06,63
2024-07-04 00:00:00+00:00,-0.1400468648050033,0.19564610242408118,-0.01511019638943751,0.05616476812041428,0.7784411167315488,2.32906795749942e-06,70
2024-07-05 00:00:00+00:00,-0.02802334594084229,0.11589036906054041,-0.11233366310789568,-0.0236503696505782,0.3566847209646216,3.99014700475612e-06,70
2024-07-06 00:00:00+00:00,-0.03882818013729693,0.11628621157470548,-0.07400418398788966,0.0016015750436202437,0.435836521835645,8.330921680566513e-07,55
2024-07-07 00:00:00+00:00,0.005135959450931298,0.05544180545448184,-0.306178038119255,0.020994253198110067,0.1145512778047348,1.7041630610474805e-06,50
2024-07-08 00:00:00+00:00,-0.010303653480650278,0.08952489394899643,-0.30503119209393187,-0.06482761230967221,0.2655735401153435,3.82101990614299e-06,61
2024-07-09 00:00:00+00:00,-0.025098461841662843,0.10400109002289902,-0.38749306999398747,-0.136243113534287,0.3829566888809769,4.1071550501393074e-07,51
2024-07-10 00:00:00+00:00,0.0029015127383634942,0.057438411133756695,-0.3051499586323355,0.00860625586126555,0.11190844123043026,2.152583511588109e-06,55
2024-07-11 00:00:00+00:00,-0.09037683958074261,0.15497644925426707,0.00309757409237735,0.07869878933263094,0.6405386279351247,8.130548323262891e-07,54
2024-07-12 00:00:00+00:00,-0.11200096552180559,0.16586445124719257,-0.11374818215528969,-0.04403725427280372,0.7273061492252663,1.4919990051268912e-06,63
2024-07-13 00:00:00+00:00,-0.21096762037671707,0.2483741120964902,0.2876264498889903,0.32315216531388485,0.9180415555519328,2.433124144501657e-06,46
2024-07-14 00:00:00+00:00,-0.004382435928747441,0.06660133467633933,-0.3133703463024395,-0.055140458755055514,0.19505162447468177,6.517081586609764e-07,56
2024-07-15 00:00:00+00:00,-0.019587512456539332,0.08957014152787782,-0.32669299526022105,-0.11435833512929319,0.33385694083007345,1.7210145957660293e-06,69
2024-07-16 00:00:00+00:00,-0.3342681340646545,0.459278310327762,0.5713590791282809,0.6533117429766454,0.9059602678410666,2.8873041185823106e-05,63
2024-07-17 00:00:00+00:00,-0.019432198642620996,0.10016884644293755,-0.3491481583822841,-0.09976014818028289,0.2915453976072243,8.540818968736013e-07,63
2024-07-18 00:00:00+00:00,-0.03076791875115865,0.11146349719950098,-0.37881318531532177,-0.14127285306476067,0.3534224495915453,1.3800233636884735e-06,59
2024-07-19 00:00:00+00:00,-0.019597698294577123,0.08068415840300414,-0.0295152001718361,-0.029255871473349,0.3138994313396717,1.1192702762794408e-06,63
2024-07-20 00:00:00+00:00,-0.11417871831460999,0.16794588647434258,0.08958911729805032,0.05822227406517867,0.711556258917698,1.7448244917781025e-06,60
2024-07-21 00:00:00+00:00,0.03124013756467901,0.07630014750719044,-0.24362386528850896,-0.17364939903128845,0.09577893793295857,8.281688151694247e-06,64
2024-07-22 00:00:00+00:00,0.03216653656722158,0.07285623859186405,-0.2508192802915584,-0.14722948391908589,0.09886105708030309,8.591020794318263e-06,68
2024-07-23 00:00:00+00:00,0.035241548366517814,0.06597570258784104,-0.24845655183745993,-0.14629293348378478,0.09584474622636405,3.7477173489450507e-06,64
2024-07-24 00:00:00+00:00,0.004024197626873392,0.10166727418998336,-0.26675210333328153,-0.1647902294575358,0.3284223035120841,2.681391273696806e-06,67
2024-07-25 00:00:00+00:00,-0.02492777460030248,0.12884771559650468,-0.2521628185566932,-0.20947465401775545,0.4737949506947223,1.0912318027893112e-06,65
2024-07-26 00:00:00+00:00,-0.025207626477065346,0.12639255268753466,-0.17455995273114355,-0.14026722550657267,0.4719255039626464,1.187325203212889e-06,73
2024-07-27 00:00:00+00:00,-0.014595418196036615,0.12253680892978924,-0.39392277657546865,-0.23408230586369141,0.39676378523249595,4.436067416302572e-06,66
2024-07-28 00:00:00+00:00,-0.04988673061393218,0.13527090604649358,-0.3076691903171284,-0.2273601491702241,0.578186193409309,2.256080885886793e-06,60
2024-07-29 00:00:00+00:00,-0.013595801133629994,0.09526133638475641,-0.148887429253662,-0.04112884711480062,0.4033955848735028,4.680170288448078e-06,69
2024-07-30 00:00:00+00:00,-0.014779235703594502,0.10139247480905322,-0.21962109281975073,-0.11051466111094378,0.35251339358887024,1.0329144444988403e-06,62
2024-07-31 00:00:00+00:00,-0.021913853705584692,0.10980242490869294,-0.11972220630120908,-0.0385018802033255,0.37095258272239806,3.250998734080513e-07,62
2024-08-01 00:00:00+00:00,0.008833607695478635,0.0717508738502279,-0.26677558644773985,-0.09304202331826558,0.09149405330359532,1.1515980983787707e-05,66
2024-08-02 00:00:00+00:00,-0.08405855259580185,0.18192288007082635,-0.39129222530629665,-0.20931701389999618,0.6031481116736233,5.347057224041962e-06,68
2024-08-03 00:00:00+00:00,-0.011879992081431003,0.10335460762896215,-0.24990662874902517,-0.05885892883626253,0.2913399188852126,2.1929282747760305e-06,66
2024-08-04 00:00:00+00:00,-0.03518637796761236,0.12570453563980694,-0.22863347762003286,-0.05285118174944463,0.44796675962207266,2.212341534883686e-06,67
2024-08-05 00:00:00+00:00,-0.0749450266179996,0.16635056921990643,0.036232579805668096,0.05169967371322559,0.6042944909886141,1.7767516294961483e-05,84
2024-08-06 00:00:00+00:00,-0.017471923330011713,0.12166680587653778,-0.17778956760620201,-0.029914445144980494,0.3304440725413464,2.5553781273890004e-06,69
2024-08-07 00:00:00+00:00,-0.019695074035984524,0.12366599779752208,-0.08568756623877907,0.011975825108698983,0.32152867636776267,1.688077901255682e-05,76
2024-08-08 00:00:00+00:00,-0.0977905395820981,0.1749928911328702,0.015301909326710644,0.007774300791946404,0.6634731958568335,7.684013884871385e-06,72
2024-08-09 00:00:00+00:00,0.008772399167058827,0.06426649554844939,-0.28321846433047043,-0.052124219476944456,0.1049156479867227,1.528490103266566e-05,74
2024-08-10 00:00:00+00:00,-0.0203480799522918,0.1022210177745823,-0.276195768406563,-0.08774893071504786,0.3615925475384918,1.7306657040439222e-06,55
2024-08-11 00:00:00+00:00,-0.020746579515409376,0.10639081646742198,-0.3229455587137899,-0.08772083668819161,0.3590512976587187,1.4494718749729362e-06,64
2024-08-12 00:00:00+00:00,-0.06067439099159621,0.13527539934011926,-0.0397278168566926,0.02250609088575454,0.5622166393869377,9.578980456708892e-07,66
2024-08-13 00:00:00+00:00,-0.05459718728855251,0.1356525072152037,-0.20856684089510563,-0.0901348334545095,0.5169031718356578,1.1734236730853264e-06,69
2024-08-14 00:00:00+00:00,-0.006176566550035055,0.07925845334845676,0.09942339009952168,0.09409029390820069,0.23413688945265124,9.585237521809628e-06,73
2024-08-15 00:00:00+00:00,-0.02701227382311251,0.115914871578095,-0.3113507359542617,-0.08793006450734968,0.34768071625662605,1.93569092612532e-06,68
2024-08-16 00:00:00+00:00,-0.04530014263870823,0.1291278650793015,-0.19263836443084043,-0.07637535108009139,0.4355183443457618,1.0622425032727477e-06,73
2024-08-17 00:00:00+00:00,-0.041154029413082,0.11845675351726648,-0.15261194834269676,-0.046847481924321116,0.42460839426397184,2.4287868635059897e-07,53
2024-08-18 00:00:00+00:00,-0.06112959622705298,0.13482703598058987,-0.13527937991817016,-0.03141308416436794,0.5238332908484431,9.453856426829451e-07,54
2024-08-19 00:00:00+00:00,-0.05483854627097129,0.12948538008440225,-0.03637464815704241,-0.006948203819726063,0.4846669886590103,8.415648243652103e-07,65
2024-08-20 00:00:00+00:00,-0.008076323605059667,0.07462324506187965,-0.3246359234099242,-0.059175472608998705,0.21429715972398283,2.4386250625168547e-06,63
2024-08-21 00:00:00+00:00,-0.0191846683142212,0.11764568962331108,-0.18757061457373816,-0.08608403749108479,0.41949173547363283,3.4684173685679525e-06,58
2024-08-22 00:00:00+00:00,-0.05622279646962372,0.14838660870872655,-0.04708111364978752,0.02952302167923763,0.5665648602142469,3.344168976169659e-06,62
2024-08-23 00:00:00+00:00,-0.058312514066870394,0.15143421200544696,-0.1886651882042116,-0.11790876943581323,0.5708694881685659,2.030281565426977e-05,75
2024-08-24 00:00:00+00:00,-0.03893248283090177,0.14248479289834923,-0.05585243100186284,0.0006465909210709372,0.45242455950321986,5.368348095111174e-06,54
2024-08-25 00:00:00+00:00,-0.09258569673663576,0.17262887060909513,-0.0025247180438218633,0.04010741440544975,0.6831381182307421,1.3683325659257776e-05,68
2024-08-26 00:00:00+00:00,-0.1685421533561347,0.2002801616071434,-0.08924078493957725,-0.023087118039868338,0.958179908234682,4.733073684262729e-06,71
2024-08-27 00:00:00+00:00,-0.03724004548090138,0.13441918760950108,-0.4068561075005867,-0.22238975087319088,0.482508118373372,9.995673901920988e-06,69
2024-08-28 00:00:00+00:00,-0.8238745153075157,0.4590412562913645,-0.3861729258132085,-0.8053666878114976,1.999493049882128,5.807088924861293e-06,65
2024-08-29 00:00:00+00:00,-0.006714285246604176,0.10373139067062713,-0.29639560222891276,-0.09631678000759836,0.273385063367997,2.421315000922992e-05,97
2024-08-30 00:00:00+00:00,-1.0,0.7153289579865235,-0.6345747079464347,-1.517138681936331,1.8476763642768022,2.7021571760877106e-05,78
2024-08-31 00:00:00+00:00,-0.018335051698648602,0.11229005986417195,-0.10902810410838941,0.0009100183588595467,0.3108141083465834,1.7118629501004248e-06,53
2024-09-01 00:00:00+00:00,-0.02573700393207213,0.11621425965315293,-0.13991470704441178,0.0032644689241845782,0.3684290935785502,1.8950125505404761e-06,54
2024-09-02 00:00:00+00:00,-0.02730657193483677,0.12006385128552112,-0.12425296953728306,-0.03254917512548487,0.37662319948311107,1.1126959327993876e-05,64
2024-09-03 00:00:00+00:00,-0.21943157112840056,0.24982527359626464,0.2066573325690521,0.2941148251343904,0.9666417533926066,1.0474664841446328e-05,75
2024-09-04 00:00:00+00:00,-0.04392923823881408,0.13165323388389916,-0.0033779401715838906,0.03158920027318894,0.47127108527625894,1.8206796008052877e-06,66
2024-09-05 00:00:00+00:00,-0.11514338831336543,0.17865095322394717,-0.15598157524454473,-0.056717353726873435,0.751379679740006,8.716128120546798e-06,69
2024-09-06 00:00:00+00:00,-0.09531042484795764,0.17709965583738166,-0.2947005279158114,-0.16023729904382789,0.6756533293976632,5.295238256323466e-06,75
2024-09-07 00:00:00+00:00,-0.7684092219253553,0.49973385618046234,-0.5066427333807797,-1.0301747274490265,1.82857712998726,1.825259594010638e-05,64
2024-09-08 00:00:00+00:00,-0.021248707602271134,0.1077813810650293,-0.10193726125750184,-0.0005470906642939584,0.3504377118168848,1.6916530729678424e-06,59
2024-09-09 00:00:00+00:00,-0.061520339077891666,0.13255607992595608,-0.13301093656333757,-0.07489226794341375,0.5941971347882594,4.181726974755493e-06,58
2024-09-10 00:00:00+00:00,-0.01656127375483146,0.10239369816781613,-0.3093806049699276,-0.11869075421661753,0.3246043987990819,1.7704900632987797e-05,66
2024-09-11 00:00:00+00:00,-0.9769469190227452,0.5261679010596677,0.21053487085246905,0.4560240047607896,1.9209677155166063,2.526524536053604e-05,68
2024-09-12 00:00:00+00:00,-0.9262603534122292,0.5303342581921091,-0.36553736537942644,-0.7275547582529187,1.8989539241450666,1.3603242809962884e-05,70
2024-09-13 00:00:00+00:00,-0.13846343798511268,0.18576649443399826,-0.07861652841412428,-0.0548953786003562,0.8015071582311869,3.1162246142863527e-06,58
2024-09-14 00:00:00+00:00,-0.08199273493690633,0.15821292351395705,-0.49958524433346574,-0.364294734942251,0.6704798041218593,3.5313726166066166e-06,54
2024-09-15 00:00:00+00:00,-0.05972319624475673,0.13529325517205734,0.00393697875356073,0.059239384317002736,0.5008036782099087,6.709420129966739e-07,50
2024-09-16 00:00:00+00:00,-0.5624337412285786,0.7675774235541105,0.7271829366043557,1.2254892424756239,1.0836090089703792,2.559500596755784e-05,67
2024-09-17 00:00:00+00:00,-0.12899938600717806,0.20806079634335514,-0.20155850657235957,-0.16180030420764624,0.6702476840032957,3.4787367753804e-05,61
2024-09-18 00:00:00+00:00,-0.5405849171479491,0.44272827138797655,-0.41427186824120943,-0.6542583282255581,1.3600741642341512,7.28883573366119e-06,64
2024-09-19 00:00:00+00:00,-0.19301844686729785,0.22350731911992638,-0.12730597163229543,-0.10851987985569661,0.8968119376042453,4.001167512566041e-06,69
2024-09-20 00:00:00+00:00,-0.06287719692671102,0.1395420474029928,0.06902460227176586,0.07121475439599655,0.4807939113325356,1.635952976489738e-06,69
2024-09-21 00:00:00+00:00,-0.026254586349449934,0.13228276955037266,-0.396372379504194,-0.1745933413577323,0.40050709169873033,1.5896485740863377e-06,49
2024-09-22 00:00:00+00:00,-0.018437381970284713,0.12024272238843098,-0.39685278066123825,-0.16629152987154416,0.36610394481098585,2.2248626687691506e-06,56
2024-09-23 00:00:00+00:00,-0.013271061370830877,0.11315030232868788,-0.38844341073567795,-0.13447698095915936,0.3309737947477387,6.896065661676321e-07,60
2024-09-24 00:00:00+00:00,-0.016757060378384158,0.11966701904660319,-0.4022423927750969,-0.15981451705882985,0.338088387865004,3.740064268185677e-06,65
2024-09-25 00:00:00+00:00,-0.003062581354653836,0.0940450894770272,-0.3330456095931799,-0.07321996266237746,0.2448587863680514,1.0871538036007685e-05,89
2024-09-26 00:00:00+00:00,-0.02618845077448289,0.12939970709860102,-0.4243346571190389,-0.18953985989209576,0.3804286278309863,3.6959285672918245e-06,81
2024-09-27 00:00:00+00:00,-0.022337405579228718,0.12625752476759336,-0.4058233902847949,-0.155420625849818,0.3476313335314616,1.4765630529592076e-06,73
2024-09-28 00:00:00+00:00,-0.025883272082546364,0.12595126716642774,-0.43207467077953987,-0.17463698166410124,0.3775224040565849,5.243649077500048e-07,59
2024-09-29 00:00:00+00:00,-0.032590606463633716,0.1320031891292174,-0.41819400875160206,-0.1723926593292318,0.407302309992066,8.324561025085523e-07,54
2024-09-30 00:00:00+00:00,-0.024340459450592173,0.12267767336486067,-0.4024089405515593,-0.1286067849239728,0.35661838083062314,7.93332656450705e-07,61
2024-10-01 00:00:00+00:00,-0.03534052338672546,0.13665066572598145,-0.4916299262330941,-0.19308272640744906,0.4317314614482083,7.120810342399852e-07,67
2024-10-02 00:00:00+00:00,-0.022167170511821002,0.1139252883235295,-0.43799725331518413,-0.14286011605174018,0.3656101463277983,1.017884250626654e-06,59
2024-10-03 00:00:00+00:00,-0.07192530654667201,0.16437734268337278,-0.3124527904584474,-0.14553222368222946,0.5510747072363955,5.694067563247146e-06,66
2024-10-04 00:00:00+00:00,-0.008123452930064216,0.09175158799008726,-0.3642293787200551,-0.09086530606097593,0.249629501783193,1.305212927491109e-06,65
2024-10-05 00:00:00+00:00,-0.05125483288617451,0.14657468802610113,-0.4306760839662619,-0.20597818077062743,0.4772822502913961,1.9175432319180327e-07,49
2024-10-06 00:00:00+00:00,-0.03285218803196982,0.12250129049030364,-0.35271939162665805,-0.1369076230268598,0.38381137040492763,1.2847515906830926e-06,56
2024-10-07 00:00:00+00:00,-0.030499530030332726,0.12451746118849641,-0.4209395613298241,-0.12478359360232151,0.36219423833008885,6.36224240826996e-07,64
2024-10-08 00:00:00+00:00,-0.11928667800182122,0.19304772701689613,-0.08616733336185933,-0.02642329342038377,0.6662546651942847,7.934685831224286e-06,61
2024-10-09 00:00:00+00:00,-0.18064617411333486,0.2629659030589278,0.24194579556558293,0.2372763792609589,0.7408036984557153,3.2627520537962033e-06,72
2024-10-10 00:00:00+00:00,-0.009786796386282872,0.08361813884108545,-0.33982223543318374,-0.06084091753114489,0.2257912457360113,1.6168512695776389e-06,63
2024-10-11 00:00:00+00:00,-0.028076338196766363,0.1062528217551902,-0.3680970647289564,-0.13312386917953833,0.36187994911134413,6.525244390428312e-07,53
2024-10-12 00:00:00+00:00,-0.019870498603134487,0.09296259841486182,-0.3756047017526094,-0.11912347043605415,0.3116759412684072,9.54084619432843e-07,54
2024-10-13 00:00:00+00:00,-0.03190219469873925,0.11065490012998733,-0.3815093057960445,-0.1553528487703889,0.3779374535297451,2.0028972762680067e-07,45
2024-10-14 00:00:00+00:00,-0.06053268262165114,0.13981589485837248,-0.3242954960719926,-0.18560557315269496,0.511443955171882,1.5850558935011532e-06,65
2024-10-15 00:00:00+00:00,-0.0006133397032081815,0.05808850906839945,-0.29041763496861794,-0.05883297200921858,0.10778285452458954,1.3775656287251286e-06,65
2024-10-16 00:00:00+00:00,-0.0017008388354831018,0.061710822063262255,-0.27960845695485836,-0.06271093358649538,0.10431285147123248,3.23826456202382e-06,61
2024-10-17 00:00:00+00:00,-0.0017411700620925056,0.05571945441244429,-0.2931656036266252,-0.04390641187715574,0.10614744672375048,4.5202201839665596e-07,54
2024-10-18 00:00:00+00:00,-0.002106867663189477,0.05283506605291052,-0.28798838759636486,-0.057617997569714814,0.10251907608741914,5.531770810527725e-07,63
2024-10-19 00:00:00+00:00,-0.0027374272813418792,0.0490566775582365,-0.29145580666086185,-0.050734385896614186,0.11014096482296079,5.788289643291735e-07,47
2024-10-20 00:00:00+00:00,-0.05974746332523708,0.14392475484784828,-0.4105486576333485,-0.22506928057785525,0.4804852121904744,2.0460153375428444e-06,59
2024-10-21 00:00:00+00:00,0.002007776444333311,0.11119011358559222,-0.46271580296065595,-0.2088886925435486,0.2861005063552482,2.1503349886416464e-06,56
2024-10-22 00:00:00+00:00,-0.03727573656346824,0.15026843335732015,-0.3826505739137192,-0.24423057716685379,0.4788597598723675,1.6980670175513225e-06,62
2024-10-23 00:00:00+00:00,-0.010223377064541203,0.12693735283971805,-0.4943584225404411,-0.25421893476956037,0.3584344606690778,5.023899514155071e-07,56
2024-10-24 00:00:00+00:00,-0.0002169539491246841,0.10518622939134219,-0.37739368763025577,-0.1738675235673114,0.29420018360246025,8.388224581550355e-07,54
2024-10-25 00:00:00+00:00,-0.03974939492454321,0.15506888231354699,-0.4749831158232434,-0.28276273924342443,0.49747831137854687,2.7288838924107088e-06,65
2024-10-26 00:00:00+00:00,-0.012974750384042211,0.12486801773433845,-0.43214555515727593,-0.21299259814897364,0.362905056663799,1.583962369381157e-06,44
2024-10-27 00:00:00+00:00,-0.01949503413780873,0.1303590742331153,-0.43542873320070824,-0.21826397738862618,0.3880433088678499,1.4653887853151749e-06,48
2024-10-28 00:00:00+00:00,-0.028170887478669863,0.14095802308526306,-0.45561397509838697,-0.2808697740542439,0.4338915537949437,1.4156342993806207e-06,53
2024-10-29 00:00:00+00:00,-0.039994304927282065,0.15511528771012392,-0.4830216897263175,-0.30887786055857486,0.5015026225097196,9.461162552636226e-06,65
2024-10-30 00:00:00+00:00,0.0008214343441818252,0.09385992025511145,-0.3671645760013214,-0.1292390644451769,0.29978193438565154,1.9598788785100776e-06,63
2024-10-31 00:00:00+00:00,-0.06740345166710443,0.18347794112988486,-0.5043710095979583,-0.3298548770418309,0.5953829532165356,1.803364060302342e-06,58
2024-11-01 00:00:00+00:00,-0.04518576913925576,0.1513550341402065,-0.4491982746363769,-0.28974609246376243,0.5281813360091797,3.8759795764028746e-06,66
2024-11-02 00:00:00+00:00,-0.14505872183230886,0.22279662579363455,-0.35816002870057145,-0.3433684653076631,0.8237591441729026,1.1144139536064023e-06,42
2024-11-03 00:00:00+00:00,-0.033980975165403104,0.15513206862256,-0.48303478955549184,-0.29044737933124354,0.44625964543566715,3.0026875164339838e-06,55
2024-11-04 00:00:00+00:00,-0.00554154214537971,0.1072273119320517,-0.40663343400741264,-0.16872587765534786,0.3329327410517957,9.066009449733817e-07,58
2024-11-05 00:00:00+00:00,-0.024488786338217296,0.13027519681058228,-0.2874527088266554,-0.14770267676634097,0.4062805631789287,2.0250908774184162e-06,60
2024-11-06 00:00:00+00:00,-0.010410248057635827,0.1105672704256335,-0.3151152002529382,-0.13711479899736428,0.27160577512034983,1.2666098113484438e-05,76
2024-11-07 00:00:00+00:00,-0.023262123623415253,0.12027390377906445,-0.3995799018137987,-0.18840271581121779,0.3605999065677884,2.480077400965699e-06,70
2024-11-08 00:00:00+00:00,-0.04706671670100263,0.1413274400455467,-0.41543917781373474,-0.2319385426793275,0.47056796780907134,2.26425929750585e-06,77
2024-11-09 00:00:00+00:00,-0.07636776266733007,0.1581074096528164,-0.42885906549313874,-0.2868277793715779,0.6204567253890684,2.505421280454884e-06,62
2024-11-10 00:00:00+00:00,-0.12471850811861566,0.20130002471065356,-0.5683427289952696,-0.5410931976221328,0.8404809104259048,1.5300909799495767e-05,79
2024-11-11 00:00:00+00:00,-0.042936136152154025,0.14772942769490668,-0.39828737013962306,-0.3296127203649284,0.4362187557921068,2.796178381581336e-05,90
2024-11-12 00:00:00+00:00,-0.05794427157248413,0.15703053507435982,-0.4405901439127331,-0.2681606695021781,0.5310674091168822,2.018557876941387e-05,107
2024-11-13 00:00:00+00:00,-0.037012270739393775,0.1355842801453198,-0.3902480674826948,-0.19294018507699823,0.4203774086793795,4.2713057006463565e-05,108
2024-11-14 00:00:00+00:00,-0.08786643967680162,0.17348965340769198,-0.4738225955208026,-0.2935556863582025,0.6779841243566936,1.64382491528883e-05,97
2024-11-15 00:00:00+00:00,-0.24108913133698875,0.25644391409266043,-0.30093785073051316,-0.3431239483120807,1.0412271146348804,9.80288737755611e-06,93
2024-11-16 00:00:00+00:00,-0.09082791509093535,0.18374960010331068,-0.46946848726895196,-0.35265740402538925,0.6316271591478736,3.3442125510206176e-06,69
2024-11-17 00:00:00+00:00,-0.07902757806049492,0.17829589627600104,-0.4805234615142464,-0.3242572691995187,0.5761518886949961,4.44018856915408e-06,74
2024-11-18 00:00:00+00:00,-0.08903676644795418,0.1839196363520001,-0.48799192177274686,-0.3590814081134431,0.6254736290488391,4.427130333256438e-06,79
2024-11-19 00:00:00+00:00,-0.07748688765297007,0.1694894976663859,-0.45664144528701345,-0.2936310533458344,0.5791631478050506,1.3997642165180333e-05,86
2024-11-20 00:00:00+00:00,-0.05914916756364817,0.15576288814162115,-0.4350027089491499,-0.25362230429228266,0.4839481779473629,3.856131413832777e-06,82
2024-11-21 00:00:00+00:00,-0.8470695813675243,0.46189241209621906,-0.1635291177640168,-0.29123050682576385,1.9371456211487676,5.4028485368718245e-05,94
2024-11-22 00:00:00+00:00,-0.10082278760766468,0.21578117066607164,-0.25298615630405535,-0.16987306591776574,0.6428294715226525,4.704841635354141e-05,94
2024-11-23 00:00:00+00:00,-0.528834429798233,0.4296537930996099,0.10506666156081364,0.18689807166564693,1.3058619557518307,0.0006557992767584455,69
2024-11-24 00:00:00+00:00,-1.0,0.5390098854743598,0.048114743528318064,0.11016869352375212,1.914355820816177,0.000579786951169467,95
2024-11-25 00:00:00+00:00,-0.8652760379391515,0.47552493890109604,-0.3308303552231962,-0.637122803311522,2.0,2.6608830852020844e-05,75
2024-11-26 00:00:00+00:00,-0.25455676069711747,0.2754207462265494,-0.26907623886595833,-0.2490350901110706,1.0721671427327184,2.4491366358016233e-05,79
2024-11-27 00:00:00+00:00,-0.8130738030937663,0.4440171341464232,-0.31432624011807175,-0.6319551727495857,2.0,6.629507544047623e-05,69
2024-11-28 00:00:00+00:00,-0.8271745760923347,0.4345797863587018,-0.18641390352468276,-0.31767285569721765,1.999089934234319,5.9569090504559744e-05,72
2024-11-29 00:00:00+00:00,-0.8586931585307556,0.4775208195257556,-0.37852270256704806,-0.7910508146546565,2.0,4.41893608653937e-05,76
2024-11-30 00:00:00+00:00,-0.8774143889056759,0.48477103270032157,-0.3718238154272424,-0.7807732955086478,2.0,2.635981775846376e-05,57
2024-12-01 00:00:00+00:00,-0.9267458250785646,0.5695674822268323,-0.5296913470835379,-1.2058340150196178,1.9654311876411108,5.3780418337117534e-05,70
2024-12-02 00:00:00+00:00,-0.385174277132698,0.3288440406851133,-0.31316274639823,-0.40884796579136273,1.2994375805040972,2.055889380230927e-05,84
2024-12-03 00:00:00+00:00,-0.8953021119356062,0.4824073229583679,-0.3168650415864115,-0.6488731989063098,2.0,5.985145634593817e-05,92
2024-12-04 00:00:00+00:00,-0.8391273307024227,0.44224461723044034,-0.23944546816591145,-0.4722236434278128,2.0,3.15417999261308e-05,85
2024-12-05 00:00:00+00:00,-0.8286763796047427,0.44431876568893836,-0.211945558113155,-0.3348470709097213,1.9612740092665557,4.725497411640652e-05,110
2024-12-06 00:00:00+00:00,-1.0,1.2248005954547523,-0.8130244648949733,-2.0,1.4311989146946702,2.878393916120894e-05,82
2024-12-07 00:00:00+00:00,-0.8853514397957888,0.4846062917066854,-0.3642462282467497,-0.7571955508018067,2.0,1.8220990876189644e-05,70
2024-12-08 00:00:00+00:00,-0.8891507378191394,0.4962553333257482,-0.40749077826550156,-0.9054152989475396,2.0,3.536034911719125e-05,69
2024-12-09 00:00:00+00:00,-0.8648184063593228,0.46043315033766846,-0.28872522575315485,-0.5640415728190435,2.0,2.2617579185241658e-05,88
2024-12-10 00:00:00+00:00,-0.008044375843021378,0.10221136765950821,-0.3113447343822429,-0.10084710188535863,0.22503114623507198,7.510675907927215e-06,76
2024-12-11 00:00:00+00:00,-0.03385559365421955,0.1298042940248487,-0.3708630555795847,-0.21421316932606585,0.39974530676664244,2.4476612356167944e-05,88
2024-12-12 00:00:00+00:00,-0.022741409973855785,0.12000431886069542,-0.3714961335317608,-0.1490673012193676,0.3174846383142844,1.3078315388964467e-05,79
2024-12-13 00:00:00+00:00,-0.22352804491711528,0.23468421663957106,-0.038760586917942104,-0.022674800624545178,1.0015213822023026,4.1446500218278416e-05,77
2024-12-14 00:00:00+00:00,-0.9468658030830268,1.250980427047321,-0.8220597170603319,-2.0,1.349868571125381,0.00011141968923481486,64
2024-12-15 00:00:00+00:00,-0.0726378576091211,0.16400900648700703,-0.16277561763730675,-0.08527054223271323,0.5077378319670915,3.1168171141684785e-05,85
2024-12-16 00:00:00+00:00,-0.10503735200276865,0.20617690257341292,-0.42875782497288684,-0.3057594067385579,0.6173965859572604,6.0290283158194084e-05,95
2024-12-17 00:00:00+00:00,-0.03162943906052881,0.12073953364784913,-0.3841218041080761,-0.14216735283534374,0.3486174655521079,4.8707785377381815e-05,99
2024-12-18 00:00:00+00:00,-0.018326200637766858,0.10063145053601684,-0.3544334443310406,-0.06277246890345392,0.26162413769938847,7.430703730009996e-06,88
2024-12-19 00:00:00+00:00,-0.2139342309866426,0.24591937646640685,-0.15310788339223824,-0.11785176144551311,0.9106846418437716,3.2252401210620664e-05,87
2024-12-20 00:00:00+00:00,-0.007704344791108452,0.08438782372600324,-0.28397796737322084,-0.0733404581491455,0.1618600342799736,1.508248003204292e-05,89
2024-12-21 00:00:00+00:00,-0.0008604204036187543,0.13995696667545457,-0.3804106305273299,-0.13446786328843485,0.28084522258195416,1.8114828245223717e-06,75
2024-12-22 00:00:00+00:00,-0.006220189299810116,0.1463659322359831,-0.3963355499021606,-0.13614830060357966,0.30085137256339683,7.121557425903565e-06,71
2024-12-23 00:00:00+00:00,0.00012042766588767339,0.13109298058692878,-0.3668766670352756,-0.10490092375020582,0.2960732140327777,2.3952808760028e-05,95
2024-12-24 00:00:00+00:00,-0.0005504561480911927,0.13827520115168546,-0.38476632944912526,-0.16147589603218543,0.28019608328538437,2.897784989016784e-06,70
2024-12-25 00:00:00+00:00,0.013156730292083496,0.10741357217705,-0.34022877284437103,-0.09246463368608288,0.20107724643309613,6.951303160372354e-05,69
2024-12-26 00:00:00+00:00,-0.035619178200349065,0.1692325328780041,-0.4724145993897135,-0.24291744854261457,0.47009749304487763,1.3122391813733794e-05,82
2024-12-27 00:00:00+00:00,-0.023894563593083812,0.16080453442200515,-0.46078093516899,-0.19854527498667343,0.40163976449151195,4.951839918083537e-06,101
2024-12-28 00:00:00+00:00,-0.07891302585671725,0.2292017478855831,-0.5549103763425465,-0.4196287046608034,0.583984654480445,0.00012805518206326422,74
2024-12-29 00:00:00+00:00,-0.013876356259051974,0.15001086833204597,-0.46773996672242696,-0.20016254351731647,0.334166449989442,2.0805985253686623e-06,77
2024-12-30 00:00:00+00:00,-0.05728971346575565,0.21159576856478962,-0.5115332882370063,-0.3078285126407044,0.4779050202211852,4.812457626730745e-06,97
2024-12-31 00:00:00+00:00,-0.07035600004818325,0.2372634907957554,-0.5634486288599145,-0.37341969489085125,0.5075386336424723,6.44405451188575e-06,79
2025-01-01 00:00:00+00:00,-0.026820914121940487,0.15526021868851053,-0.4691490680520454,-0.23092709463359273,0.39562587323332693,2.7663076095300098e-06,73
2025-01-02 00:00:00+00:00,-0.41679103760749786,0.3996889597154604,-0.516455430962645,-0.7577713853492506,1.30145405791829,2.6759311096543687e-05,109
2025-01-03 00:00:00+00:00,-0.03169273951969711,0.15495308589575446,-0.4832888597795766,-0.25251432393452516,0.419476373129691,3.2920148394668517e-06,93
2025-01-04 00:00:00+00:00,-0.06623154309858852,0.18512255344003067,-0.5197571544462711,-0.3528110528721234,0.5735498636815849,3.306228290353894e-06,71
2025-01-05 00:00:00+00:00,-0.32011975595075737,0.3189567187268755,-0.3797909710645717,-0.4448474005849789,1.1638055410068322,7.161159284248288e-06,81
2025-01-06 00:00:00+00:00,-0.06519643928387847,0.17392904473772977,-0.48874024355736034,-0.32731888072410037,0.5765641913354397,4.750673613142667e-06,98
2025-01-07 00:00:00+00:00,-0.03178648858958226,0.14483267333942176,-0.46643155924300206,-0.19120043766429062,0.4117278883074133,1.369110058493837e-05,86
2025-01-08 00:00:00+00:00,-0.051287018570662785,0.15417678317976927,-0.4611318945115525,-0.27680971346768446,0.5261976662644763,8.021207782330238e-06,85
2025-01-09 00:00:00+00:00,0.006217097790227795,0.07653638089454312,-0.30594959633870944,-0.04199643945846843,0.16791597713883447,3.4204850892101257e-06,85
2025-01-10 00:00:00+00:00,-0.2865199953185271,0.3880697490001123,-0.5992799453343304,-0.7286842751959623,0.9825242352936181,3.4505546463716963e-06,82
2025-01-11 00:00:00+00:00,-0.3859299268161007,0.32289130090937235,-0.33276881504261513,-0.43522292446059824,1.3239009425067227,1.1807930508012203e-05,70
2025-01-12 00:00:00+00:00,-0.06378211281508599,0.1717733890612787,-0.4946107742487075,-0.3057931049838448,0.5427466150736494,4.643002621505056e-06,73
2025-01-13 00:00:00+00:00,-0.8913719198077621,1.5537643599925215,-0.8670929519953179,-2.0,1.1766967562422843,6.773157418337262e-05,108
2025-01-14 00:00:00+00:00,-0.07055466399537369,0.19113627978542783,-0.45652699762474264,-0.28243804101719744,0.5146350484534687,2.529239001767244e-05,106
2025-01-15 00:00:00+00:00,-0.14692311849983755,0.22822552027008708,-0.4169611774612708,-0.37329931041043424,0.7823045085779761,1.642231290097225e-05,99
2025-01-16 00:00:00+00:00,-0.09600963357331922,0.23468917619416327,-0.5438098916252262,-0.40192708619936135,0.5646716120847258,5.8809707903902956e-05,135
2025-01-17 00:00:00+00:00,-0.07111742652606429,0.18316077382074414,-0.4830892735102154,-0.3495496318925592,0.5348164989874924,1.4639997278351888e-05,134
2025-01-18 00:00:00+00:00,-0.02017336026211964,0.11009455923726692,-0.39848489682114174,-0.20278546262057892,0.34033163270600275,2.3073191443433104e-06,95
2025-01-19 00:00:00+00:00,-0.04693687370518753,0.14735316960607886,-0.4541451420267015,-0.2295631673698642,0.4736871559211333,3.0313675758855248e-05,116
2025-01-20 00:00:00+00:00,-0.2775482064032337,0.8109997884827203,-0.8687416974955334,-1.2777527198262841,0.731547985640147,3.0457093204847574e-05,118
2025-01-21 00:00:00+00:00,-0.017793215298670704,0.165402701397905,-0.43695055756189094,-0.2463701773933231,0.37175040033498313,7.180954968557077e-06,62
2025-01-22 00:00:00+00:00,-0.023025468830363143,0.17306293847693982,-0.46503610576623694,-0.2373943182943133,0.3769665553976984,1.1380287172353553e-06,51
2025-01-23 00:00:00+00:00,-0.006264685871741491,0.14614900367022743,-0.4273581442836177,-0.18612815192940424,0.30131001917613376,1.5223640031946975e-06,59
2025-01-24 00:00:00+00:00,-0.041116643859078976,0.18696281385077745,-0.5014829474501191,-0.3042210918703567,0.4477327338972754,2.4785804408202032e-06,55
2025-01-25 00:00:00+00:00,-0.024692745900192287,0.1494397044066518,-0.4050480597083,-0.20140886705435593,0.38430683218598727,1.263840666052702e-06,52
2025-01-26 00:00:00+00:00,-0.017462916057824854,0.14398259009867315,-0.434184419625951,-0.18505941950818908,0.34345712219668195,1.3100096584801445e-06,45
2025-01-27 00:00:00+00:00,-0.05814899214416264,0.1701862845618949,-0.3056645850491631,-0.1989715440029065,0.5342448950682378,1.972089869245984e-06,55
2025-01-28 00:00:00+00:00,-0.03212974180941398,0.16336372947654865,-0.45427360393767113,-0.22145189123086073,0.4012663866785263,2.1149706364064008e-06,49
2025-01-29 00:00:00+00:00,-0.029205249983879182,0.15226380190021385,-0.43778056722136177,-0.2291165447921347,0.3884100823011173,1.8380013322298076e-06,56
2025-01-30 00:00:00+00:00,-0.023825645087635447,0.14354727551383137,-0.41959769058047397,-0.18107723793153965,0.35566011312657586,2.1284042702311352e-06,53
2025-01-31 00:00:00+00:00,-0.02221986370875736,0.13333956681285097,-0.37471063422863615,-0.15357964971270185,0.33858206141596153,2.7761455286721536e-06,60
2025-02-01 00:00:00+00:00,-0.019764578897035315,0.12257576206088314,-0.39157448364576075,-0.14907919592079613,0.3390732664603865,9.950664844766879e-07,46
2025-02-02 00:00:00+00:00,-0.07153896139511691,0.18120029566781357,-0.5247467691933904,-0.35769772487648355,0.6073349625561243,4.616069421675686e-06,57
2025-02-03 00:00:00+00:00,-0.09314346157852467,0.19039617977870796,-0.1884260519149733,-0.12610342920673456,0.6098838640251666,5.512109143078865e-06,64
2025-02-04 00:00:00+00:00,-0.09278505358176824,0.2131591998696984,-0.5610820289304895,-0.4364723330642609,0.6367834320390412,9.492394061859595e-06,52
2025-02-05 00:00:00+00:00,-0.14781057228985645,0.20573940234620455,-0.04814269435512098,0.024484481249090414,0.7989207265812011,3.962061045627156e-06,53
2025-02-06 00:00:00+00:00,-0.02337667001143242,0.1261170333105266,-0.3711192371933097,-0.11451501670726189,0.3268993036499437,4.426797300941448e-06,45
2025-02-07 00:00:00+00:00,-0.052950223158977044,0.15284191699006866,-0.403604669562964,-0.17822366691740332,0.48015149328608087,3.182028344023613e-06,53
2025-02-08 00:00:00+00:00,-0.07455826166957953,0.16871860906566322,-0.20631989043171722,-0.057506866801942044,0.5278127794562343,2.057457450156304e-06,47
2025-02-09 00:00:00+00:00,-0.02364701015046562,0.11549493982531998,-0.36041127890181884,-0.09481245844413731,0.3339947870892199,6.990081407618187e-07,53
2025-02-10 00:00:00+00:00,-0.0942448434016876,0.18050844782507247,-0.3063382388067969,-0.15518119965303526,0.6152791300743851,2.445020280142807e-06,55
2025-02-11 00:00:00+00:00,-0.08505353263605982,0.16692479257790155,-0.14857361057309657,-0.03684526444207143,0.5800976618923562,2.2835072143515965e-06,58
2025-02-12 00:00:00+00:00,-0.02022579260378965,0.11019959770938813,-0.35524918466832955,-0.12143127667163844,0.2897635569993604,2.748461355279039e-06,54
2025-02-13 00:00:00+00:00,-0.04065779910057096,0.13601299206845102,-0.4126021075366439,-0.17857924148779689,0.40014061665039197,5.22681889560182e-07,52
2025-02-14 00:00:00+00:00,-0.5229757134930697,0.76958962680932,-0.7496863957417298,-1.1809742371919134,1.04189076551727,8.190512429797428e-05,58
2025-02-15 00:00:00+00:00,-0.0889518479183354,0.15322633588225623,-0.07710177450892798,-0.01980438072111832,0.6259999184906877,5.866868776382973e-07,53
2025-02-16 00:00:00+00:00,-0.012727705103816917,0.08444724284219257,-0.3728908086995865,-0.08431753969660541,0.24430399252008395,4.045164199543207e-07,56
2025-02-17 00:00:00+00:00,-0.031685482855506084,0.11651463239416894,-0.3711565319178578,-0.1397393981399382,0.34964574388882397,5.88198467172966e-07,64
2025-02-18 00:00:00+00:00,-0.06308541441266312,0.1392308130004091,-0.1578460554448286,-0.06321592944975163,0.49977641413086255,5.08662711603957e-07,59
2025-02-19 00:00:00+00:00,-0.06618556244206489,0.14393424125781262,-0.10966918212489911,-0.04375388075873502,0.4940978455501035,2.68866559501823e-07,54
2025-02-20 00:00:00+00:00,-0.014007174968702412,0.08190037029759518,-0.31794796904001493,-0.08642344564560184,0.22774492929912965,6.138239740763878e-07,57
2025-02-21 00:00:00+00:00,-0.12603614671061003,0.21281830148827083,-0.32145414004169864,-0.22656051777685726,0.7327718324474881,4.542700358325703e-06,60
2025-02-22 00:00:00+00:00,-0.03881455980383076,0.14580714288341567,-0.307444448059706,-0.1521025825448735,0.42787333867213206,8.1103564825417e-07,41
2025-02-23 00:00:00+00:00,-0.13180479984650054,0.2006297210462693,-0.13005826373849583,-0.06946490793345475,0.761053239233738,3.179955158896802e-06,49
2025-02-24 00:00:00+00:00,-0.36373343719470375,0.337257619994339,-0.34968404106315687,-0.4307065072776282,1.2079140569506848,3.354652813053085e-05,63
2025-02-25 00:00:00+00:00,-0.08694958745276936,0.18946006308213376,-0.20291399366871257,-0.10446095837997538,0.5723929350826132,2.2540939335161843e-05,68
2025-02-26 00:00:00+00:00,-0.023535447655923875,0.13275656382714449,-0.06163913358179969,0.021791097685118967,0.3139644459496018,7.578403595269488e-06,71
2025-02-27 00:00:00+00:00,-0.08968338195549942,0.19059819478994036,-0.15456457018212483,-0.06193094573783294,0.5731163830804247,3.293956161807514e-06,72
2025-02-28 00:00:00+00:00,-0.0868397409149587,0.21236162746215856,-0.3042054791638227,-0.19449295891856233,0.52805622169202,3.7205482059756574e-05,75
2025-03-01 00:00:00+00:00,-0.03161432020188091,0.1403834384195667,-0.0983500764979459,-0.018309181088060452,0.3500562602376709,2.1680396411263087e-06,59
2025-03-02 00:00:00+00:00,-0.18306235029998622,0.2322137226993192,-0.024687420905471682,-0.024296086259882388,0.8807590631863829,9.753088410970727e-06,77
2025-03-03 00:00:00+00:00,-1.0,0.6464165013794531,-0.5213107731747879,-1.1675452512489508,1.8537194630155738,9.661420120252661e-05,75
2025-03-04 00:00:00+00:00,-0.08385790821863244,0.1867619378097542,-0.04555111227248616,0.011601852223247985,0.5717343908709963,1.0384698976664953e-05,72
2025-03-05 00:00:00+00:00,-0.06393905211744434,0.16755229353461465,-0.09818316063783186,-0.026518603942563616,0.5078595588214265,4.838749988619079e-06,66
2025-03-06 00:00:00+00:00,-0.10498408579925474,0.19877613103198188,-0.20135374941297132,-0.0968618263441532,0.6398941443809372,1.8765609521942217e-05,68
2025-03-07 00:00:00+00:00,-0.045804255474326865,0.14805123652104807,0.02919932746380686,0.08610203915495704,0.41724921203204857,1.0567002955091145e-05,74
2025-03-08 00:00:00+00:00,-0.039608381237301316,0.13560729186385082,-0.1148722965909573,-0.013083425406701092,0.39032752941751175,2.9381176896379373e-06,56
2025-03-09 00:00:00+00:00,-0.05699342245420179,0.13532197006279378,-0.0055198402235164,0.09206450185236263,0.5406784001941006,4.851099245078432e-06,59
2025-03-10 00:00:00+00:00,-0.06268263586566553,0.1528484695457446,-0.13308031644955248,-0.006943236400275334,0.5258733043228688,8.06793846916e-06,73
2025-03-11 00:00:00+00:00,-0.9087207585267006,0.9016644088820697,0.7190474442312009,1.6299447698066385,1.4780909446944834,2.4062455764812027e-05,70
2025-03-12 00:00:00+00:00,-0.07911539788514077,0.16075029206293207,-0.05551615618249213,0.027077156278191617,0.5758884647665259,3.887259652729529e-06,62
2025-03-13 00:00:00+00:00,-0.09012614858536938,0.17063232581829915,0.056319156969639204,0.10978046848516457,0.5969161175967512,8.447864954431842e-06,64
2025-03-14 00:00:00+00:00,-0.07783540904482887,0.16295224028913455,0.07418979605157526,0.08469808890807809,0.5380703045947355,6.9411692302401255e-06,64
2025-03-15 00:00:00+00:00,-0.01519713769135683,0.09211978895221473,-0.3205777816919017,-0.07226544029272915,0.27085451749268535,1.8976138344223053e-06,48
2025-03-16 00:00:00+00:00,-0.05720267076570956,0.1542158868565532,-0.00666279372266454,0.01384903584963231,0.421806506202097,0.0001394482876046036,76
2025-03-17 00:00:00+00:00,-0.09187472596621785,0.16577868186521882,-0.01979360928756934,0.03496992931511037,0.601972155299334,9.316587945345483e-07,58
2025-03-18 00:00:00+00:00,-0.03125002784432665,0.10616426826569146,-0.3190838813840186,-0.12061933935234886,0.3815687126927388,1.2582639554614996e-06,56
2025-03-19 00:00:00+00:00,-0.4184967665269958,0.43185604659888494,0.4789268692233268,0.627135379746686,1.1202241192692761,5.654675688407605e-06,59
2025-03-20 00:00:00+00:00,-0.5952292604844956,0.6199580078049616,0.5988743138327349,0.9629436841204967,1.2080778104863525,5.119844188692758e-06,59
2025-03-21 00:00:00+00:00,-0.07691027454401987,0.1663046456142844,-0.17174004314311153,-0.06560099159703439,0.5982452948023027,1.2569886695614156e-06,51
2025-03-22 00:00:00+00:00,-0.04408159030269117,0.13733682161087632,-0.05885153233533117,0.012800753869978317,0.46199781673147305,2.99562625880079e-06,49
2025-03-23 00:00:00+00:00,-0.09185437537016419,0.17043432288921812,-0.11263140978647954,-0.04999876307650275,0.6569921171386887,5.978810711593014e-07,48
2025-03-24 00:00:00+00:00,-0.0669067067230973,0.15660434496775394,-0.13991544076141696,-0.04356434200709781,0.5474684343664461,2.1465364870355402e-06,57
2025-03-25 00:00:00+00:00,-0.06842897018211744,0.1563225338872325,-0.19029267669097877,-0.0833934449637889,0.5595539284641964,4.296326364069692e-07,53
2025-03-26 00:00:00+00:00,-0.10684997034802837,0.17894966375176136,-0.14366777472899445,-0.0673503787241721,0.6971361261862319,9.726464516074876e-07,55
2025-03-27 00:00:00+00:00,-0.07816948908960997,0.16396760331484014,-0.08345816572120661,-0.007919230966128486,0.5711246921261,7.492679387109209e-07,48
2025-03-28 00:00:00+00:00,-0.030335636061234402,0.12447292943152452,-0.08800391583603862,0.0360478068461765,0.3752554242441016,6.663297543026077e-06,67
2025-03-29 00:00:00+00:00,-0.0548849794079315,0.14022154875354156,-0.05865530781349697,0.057229959666683955,0.514550897827794,2.127398902462245e-06,54
2025-03-30 00:00:00+00:00,-0.08950977061720593,0.17269414575851688,0.062143025258588065,0.13980894583569226,0.617101338000662,8.850213523818061e-07,47
2025-03-31 00:00:00+00:00,-0.046472026725267346,0.13399129195681397,-0.02117875554883656,0.06885545389040001,0.4726915136397562,1.4940161420662303e-06,54
2025-04-01 00:00:00+00:00,-0.060527659639294906,0.1501539078728411,-0.027535493426083395,0.05167381103823312,0.4952987390819424,1.4766364446002317e-06,56
2025-04-02 00:00:00+00:00,-0.07489060126611663,0.16076483643776907,0.04761369862421117,0.14249305784449398,0.5498071584882799,1.8818074811298456e-06,58
2025-04-03 00:00:00+00:00,-0.0636344646274074,0.15073381564420968,0.028105803012887953,0.10868882277549324,0.5148761556774819,6.924955949653203e-07,51
2025-04-04 00:00:00+00:00,-0.13666664766396724,0.20945408283134576,0.18717817991178953,0.2551898040414642,0.7351510674219633,3.798154964814536e-06,54
2025-04-05 00:00:00+00:00,-0.02081641756020118,0.10200815071644066,-0.3601832846449975,-0.06480715851304471,0.379788997777064,9.635559357284332e-07,49
2025-04-06 00:00:00+00:00,-0.45249887271993705,0.3366658992438051,0.057232918231070254,0.2530655036303401,1.398193134071149,8.475608842929436e-06,69
2025-04-07 00:00:00+00:00,-0.06219731372096955,0.14875955066113927,0.022812102109970235,0.09415281901380249,0.5159119430952316,4.879979346951086e-06,75
2025-04-08 00:00:00+00:00,-0.3076980017454616,0.2798186843748548,0.007476842229055445,0.12355719825351949,1.146430974075254,1.958575655646891e-06,65
2025-04-09 00:00:00+00:00,0.0013959619005210469,0.08979820742983143,-0.2863581579210442,-0.04277980748554489,0.10225814966953885,7.839183786048984e-06,74
2025-04-10 00:00:00+00:00,-0.03673997104855187,0.1283829023165588,-0.36540678421496786,-0.0893902733846732,0.3948682934523952,1.6557359080109406e-06,70
2025-04-11 00:00:00+00:00,-0.04122190454496159,0.1263826582232085,-0.3701332994359681,-0.1597134790950796,0.4448292361681269,1.928787659576616e-06,67
2025-04-12 00:00:00+00:00,-0.009548008504349193,0.08364640427045655,-0.2977333028720656,-0.08180977489545325,0.252962403243142,2.199557155994951e-06,62
2025-04-13 00:00:00+00:00,-0.16321665226809656,0.19834422996170697,-0.016845846709407534,0.03503154263533707,0.8740519797046225,1.2934321602933503e-06,65
2025-04-14 00:00:00+00:00,-0.07156790048396887,0.14683472133916936,-0.11297300960082707,-0.03541664275601528,0.5447400586794015,6.117273001412429e-07,65
2025-04-15 00:00:00+00:00,-0.020470383367756233,0.09816801193707349,-0.30679868183024744,-0.07263492596148056,0.2860253849231631,1.1931132356575596e-06,65
2025-04-16 00:00:00+00:00,-0.030742759964186447,0.10937282615583192,-0.2773840206318511,-0.09539117537363911,0.3403282853716468,1.5867472520075402e-06,60
2025-04-17 00:00:00+00:00,-0.01573462767823195,0.09456994345621185,-0.29794065511971884,-0.07411300424503786,0.21536143316081682,1.657378123879638e-06,62
2025-04-18 00:00:00+00:00,-0.08305017792773642,0.1621294020872504,-0.05848803898961901,-0.008202407938741994,0.5307957576378101,4.4288012485649444e-07,63
2025-04-19 00:00:00+00:00,-0.0037601351323359273,0.05906810940167762,-0.2855798254472105,-0.05603300045312934,0.10390092280841247,1.2620017899079073e-06,50
2025-04-20 00:00:00+00:00,-0.002180073847246518,0.04560776807759884,-0.2874084792402251,-0.05074427587565596,0.10491797133801263,6.232462933310312e-07,49
2025-04-21 00:00:00+00:00,-0.18592763287275316,0.2433267636676959,-0.11510210274402273,-0.0659429383585525,0.8707381279153423,2.968546156905383e-06,52
2025-04-22 00:00:00+00:00,-0.18374527879798186,0.2448879942139753,-0.19365911517883208,-0.19602870273140346,0.8677551636079895,1.511865060779935e-05,58
2025-04-23 00:00:00+00:00,-0.1314660455337055,0.2184948323853057,-0.18792473712700994,-0.14199318339912448,0.7235224405464532,2.0111200530047492e-06,61
2025-04-24 00:00:00+00:00,-0.3428127932555394,0.31941463052261615,-0.23013629249759435,-0.295028569322307,1.171543273689093,3.1975528394375004e-06,52
2025-04-25 00:00:00+00:00,-0.32399383517188546,0.31276175450664884,-0.3024541379755159,-0.3864322718872433,1.1571392913512515,6.848796810633153e-06,61
2025-04-26 00:00:00+00:00,-0.04325319570513843,0.14328088985716197,-0.17341770511056803,-0.08824514191829051,0.44088174948678704,1.42310861655458e-06,51
2025-04-27 00:00:00+00:00,-0.025183233046689003,0.12291992242634939,-0.10771807424126477,-0.028160483162785396,0.3622485784263443,6.879994627519019e-07,52
2025-04-28 00:00:00+00:00,-0.01679956283558627,0.12112314484041925,-0.3575830583061132,-0.1571680124069454,0.3118657710727378,2.2282307832164505e-06,56
2025-04-29 00:00:00+00:00,-0.07266138407209363,0.16621411964331645,-0.05742252674090502,-0.016380436322913618,0.5369610149708851,1.0245936401881746e-06,56
2025-04-30 00:00:00+00:00,-0.14374716447857033,0.20592772495599485,-0.08196461285250736,-0.053569079828356236,0.7777760706390201,3.6189904085925257e-06,51
2025-05-01 00:00:00+00:00,-0.9455887704124025,1.2931362736016354,-0.8090009549802993,-1.7718148694487061,1.266248843273589,6.9892211263983085e-06,61
2025-05-02 00:00:00+00:00,-0.10044565005462155,0.1874622998509691,-0.11997612313781437,-0.06281403986469593,0.615616351614454,1.660576428639488e-06,58
2025-05-03 00:00:00+00:00,-0.008618850695891312,0.10035243445585816,-0.30849758967694085,-0.1059887933886964,0.22370855822257216,1.8459358740879143e-06,48
2025-05-04 00:00:00+00:00,-0.07162399626432446,0.15777560541510732,-0.12407338329202801,-0.042016574921600325,0.5404579960257744,5.603119475399753e-06,53
2025-05-05 00:00:00+00:00,-0.5391348745146225,0.4213954012099821,-0.40864357034983323,-0.669394448910404,1.4362035602595904,4.5311140665859197e-05,52
2025-05-06 00:00:00+00:00,-0.14243523563134164,0.20347588890204243,-0.12942725511454303,-0.12007172746339342,0.7653215350946411,2.7375585738826103e-06,51
2025-05-07 00:00:00+00:00,-0.04225758186884962,0.1286648982307988,-0.15489122789298557,-0.06391725216100048,0.42011573446691397,5.501802297106544e-07,53
2025-05-08 00:00:00+00:00,-0.9029882462422071,0.677922533138552,-0.6033133751526097,-1.276105277531865,1.6929349660926394,8.731028760034399e-05,63
2025-05-09 00:00:00+00:00,-0.8994210535287818,1.4549790904707887,-0.8388510315233266,-1.7610792351508817,1.1506593141780181,1.493904163647469e-05,63
2025-05-10 00:00:00+00:00,-0.04794185547135002,0.12378363815288244,-0.11707825653406208,-0.015398865973166677,0.4747483025325547,1.104128078312481e-06,57
2025-05-11 00:00:00+00:00,-0.9137318126704284,1.459773944099823,-0.8406185316774836,-1.8136099180599865,1.1700992460001707,2.0886791923428224e-05,63
2025-05-12 00:00:00+00:00,-0.09597480202411933,0.17107907886381654,-0.2010958205864705,-0.0960662694567742,0.62771549571084,1.9588405064336978e-06,73
2025-05-13 00:00:00+00:00,-0.021142129564553584,0.10190907623810064,-0.33828507604189373,-0.09434674612672167,0.30509940567261135,8.138050139726248e-07,64
2025-05-14 00:00:00+00:00,-0.07282840688021744,0.15413108182184343,-0.036262425239160956,0.037834035550642214,0.5193164501879127,1.101694518932653e-06,57
2025-05-15 00:00:00+00:00,-0.06664346840004054,0.14434643706202427,0.019002277574328458,0.05811459446715315,0.5072289124802425,6.188396290619287e-07,63
2025-05-16 00:00:00+00:00,-0.22543229933901887,0.2582392936190585,-0.2988275056135663,-0.24751390060873743,0.9382498922870446,2.101598605679844e-06,67
2025-05-17 00:00:00+00:00,-0.05717923401405256,0.1430330835342993,-0.4276072500483705,-0.20996743743906782,0.4858054773445022,1.215989279497707e-06,56
2025-05-18 00:00:00+00:00,-0.4619490186270302,0.5678848686583371,-0.6695563918518949,-0.9736119914238506,1.1106328641361225,3.2005107238009795e-06,64
2025-05-19 00:00:00+00:00,-0.019318267602483622,0.09494498764515197,-0.3242933304813739,-0.06824658902959636,0.27356810901065093,1.6821073584449908e-06,67
2025-05-20 00:00:00+00:00,-0.18018443332528666,0.226185660716226,-0.2581520472527074,-0.17744902514849037,0.8484142315125969,1.6257074771233126e-06,67
2025-05-21 00:00:00+00:00,-0.36484914182340095,0.3000175312249066,-0.07917270446667081,-0.021662620329950227,1.2909397696571505,1.4437334501705224e-05,61
2025-05-22 00:00:00+00:00,-0.36456724681415376,0.3031282302104901,-0.10493341112097745,-0.01443611909090809,1.2804193866995066,2.016748748849808e-05,64
2025-05-23 00:00:00+00:00,-0.3051500596816586,0.28039730888114645,-0.1255591506190608,-0.045337613169459896,1.1676834541581416,1.1048245073074576e-05,55
2025-05-24 00:00:00+00:00,-0.21059069992469653,0.23831488483921945,0.21614609197236084,0.3550675830426859,0.9880056966564833,5.2333833683977484e-06,47
2025-05-25 00:00:00+00:00,-1.0,0.6998267114016389,-0.5688438533481008,-1.1700048870743487,1.7714774670633753,1.2355447274352358e-05,53
2025-05-26 00:00:00+00:00,-0.8539386006305927,0.4703775165128283,-0.2599609323868346,-0.4247051248479787,1.9180379462683095,1.9913340986995632e-05,53
2025-05-27 00:00:00+00:00,-0.6376409326824617,0.4391090775413316,-0.3570020955277391,-0.5212483403054404,1.594203111640852,7.1916746161253705e-06,57
2025-05-28 00:00:00+00:00,-0.2266347174269967,0.24019504236303793,0.009418695127797886,0.1171586581417804,1.0050709593683982,4.0329327625917e-05,57
2025-05-29 00:00:00+00:00,-0.3245008316750466,0.27601303236178987,-0.030967492649866132,0.07010061133396833,1.2275398393272479,5.374903744715e-06,57
2025-05-30 00:00:00+00:00,-0.47024887170206453,0.36244694778925396,-0.24780250610035046,-0.27527915416204807,1.3786090970418283,2.7798873965067373e-05,65
2025-05-31 00:00:00+00:00,-0.1960865723272624,0.2230624235629192,-0.006643665552676111,0.06980769283009111,0.9389904594595124,3.941607151612962e-06,56
2025-06-01 00:00:00+00:00,-0.949167458251617,0.6071258683849826,-0.4689315252518129,-0.9079512377868654,1.7952827153888848,3.0654158455844855e-05,46
2025-06-02 00:00:00+00:00,-0.09351944194292003,0.17055936478525008,0.006242841392079203,0.09862729232591083,0.6097072484067376,4.489027421167701e-06,47
2025-06-03 00:00:00+00:00,-0.20905390900822446,0.23122476651217252,-0.0545522128601095,0.04858299241484141,0.9505627399469071,2.945396133253266e-06,50
2025-06-04 00:00:00+00:00,-0.6969581513216402,0.44936434213354814,0.3213893853887933,0.6471760538712708,1.6612911308951868,0.00012355899746499242,76
2025-06-05 00:00:00+00:00,-1.0,0.7952991987744306,0.6284198383581444,1.4845357676270805,1.6295520503350984,0.00011286948191901608,74
2025-06-06 00:00:00+00:00,-0.2508517283810214,0.2447663816944091,-0.1398264118877675,-0.09374715386730899,1.0691025661291904,2.6425314490559293e-06,50
2025-06-07 00:00:00+00:00,-0.3038783358055855,0.2888304847569206,-0.38017051336133295,-0.4322672023523039,1.1698399306535576,1.4562566474987966e-06,49
